type	index	image	question	A	B	C	D	answer
lc	1	data/figure/lc/2024-09-18--平安证券-中国经济高频观察（9月第2周）：汽车消费同比恢复_page3_图表6本周钢铁建材库存继续回落续创近年同期新低.jpg	根据折线图，2024年的钢铁建材库存从年初到年末呈现何种趋势？	持续上升	先升后降	持续下降	波动不大	C
lc	2	data/figure/lc/2024-06-07--交银国际证券-欧央行6月议息会议点评：“鹰派”降息_page5_图表9欧央行降息欧股正创下新高.jpg	从2014年到2020年，欧央行隔夜存款利率的变化趋势是什么？	持续上升	持续下降	先降后升	波动较大	B
lc	3	data/figure/lc/2024-07-03--国联证券-美国再通胀研究：美国通胀回落：从供给改善到需求走弱_page50_图表94CPI住房租金通胀和Zillow租金同比.jpg	在2023年，CPI主要住所租金与Zillow租金相比，哪个增长更快？	CPI主要住所租金增长更快	Zillow租金增长更快	两者增长速度相同	无法确定	A
lc	4	data/figure/lc/2024-09-13--东方金诚-黄金周报：市场对降息幅度分歧加大，金价震荡回落_page6_no_caption.jpg	从2021年7月到2024年7月，金价的整体趋势是？	持续上升	持续下降	先降后升	先升后降	C
lc	5	data/figure/lc/2024-09-17--交银国际证券-美国8月非农就业点评：预计9月降息25基点仍是基准场景_page3_图表13平均时薪同比及环比.jpg	2022年后，雇佣率的趋势如何变化？	持续上升	持续下降	波动但总体稳定	先下降后上升	B
lc	6	data/figure/lc/2024-07-03--五矿证券-中国制造业，如何从比较优势迈向竞争优势？_page4_图表8低端产业全球价值链地位指数.jpg	从2011年到2015年，中国低端产业全球价值链地位指数总体趋势是？	持续上升	持续下降	先降后升	波动但总体上升	D
lc	7	data/figure/lc/2024-02-22--平安证券-美联储1月会议纪要后的三个问题_page1_图表2美债利率持平或刷新年内新高.jpg	从2024年1月到2024年2月，2年期与10年期美债利率的相对位置发生了什么变化？	两者差距缩小	两者差距扩大	2年期利率低于10年期	10年期利率高于2年期	A
lc	8	data/figure/lc/2024-01-08--浦银国际证券-月度宏观洞察：静候佳音_page15_图表33除新屋开工外大部分房产相关数据下滑.jpg	根据折线图，2022年11月之后，ISM制造业PMI指数和工业生产增速的趋势如何？	两者均持续上升	两者均持续下降	PMI指数上升，生产增速下降	PMI指数下降，生产增速上升	B
lc	9	data/figure/lc/2024-09-17--国信证券-高技术制造业宏观周报：国信周频高技术制造业扩散指数回升_page4_图26氨基青霉烷酸价格下持平.jpg	根据折线图，2020年1月至2021年1月期间，6-氨基青霉烷酸价格的趋势是什么？	持续上升	持续下降	波动上升	波动下降	A
lc	10	data/figure/lc/2024-07-05--建信期货-宏观市场半年报：央行宽松、实体补库与春季躁动_page24_图38中国通胀增速.jpg	从2018年到2020年，CPI和PPI之间的差距变化趋势是？	逐渐缩小	逐渐扩大	先扩大后缩小	先缩小后扩大	D
lc	11	data/figure/lc/2024-07-01--宏信证券-市场流动性周报_page2_图3短期shibor走势.jpg	在2023年8月到9月期间，哪种期限的SHIBOR利率出现了明显的上升趋势？	隔夜	1周	2周	1个月	C
lc	12	data/figure/lc/2024-03-04--金源期货-宏观周报：国内PMI偏弱运行，美国PCE未超预期_page8_图表22红皮书商业零售销售.jpg	根据折线图，2022年7月至2023年1月期间，美国红皮书商业零售销售周同比数据呈现何种趋势？	持续上升	持续下降	先升后降	波动不大	B
lc	13	data/figure/lc/2024-06-05--国投安信期货-4月美国PCE数据快报_page0_图密歇根大学消费者信心指数.jpg	政府部门工资薪金在2023年6月到2024年4月期间的变化趋势如何？	持续上升	持续下降	先下降后上升	基本保持平稳	A
lc	14	data/figure/lc/2024-09-30--国泰期货-海外研究：海外宏观及大类资产周度报告_page5_10Y美债利率止跌回升商股商债相对强弱比价回升.jpg	在2024年3月至6月期间，彭博商品指数与彭博全球国债指数的比值变化趋势如何？	持续上升	先上升后下降	持续下降	波动但总体平稳	A
lc	15	data/figure/lc/2024-06-05--国投安信期货-4月美国PCE数据快报_page0_图密歇根大学消费者信心指数.jpg	从2022年7月到2023年12月，私营企业工资薪金的同比变化趋势是？	总体呈上升趋势	总体呈下降趋势	波动较大，无明显趋势	基本保持平稳	D
lc	16	data/figure/lc/2024-07-09--国联证券-美国6月非农就业数据点评：失业率升破美联储6月预期_page21_图表40职位空缺数万人.jpg	根据折线图，2008年金融危机后职位空缺数的变化趋势是什么？	持续下降	先下降后上升	保持稳定	先上升后下降	B
lc	17	data/figure/lc/2024-08-02--浦银国际证券-月度美国宏观洞察：迎接降息和美国大选_page5_图表177月美元指数和10年期国债收益率均走低.jpg	观察10年期美债收益率曲线，2019年至2020年间出现明显下降，这可能反映了什么市场预期？	市场预期经济增长放缓	市场预期通胀率将大幅上升	市场预期美联储将大幅加息	市场预期国际油价将大幅下跌	A
lc	18	data/figure/lc/2024-01-08--东吴证券-美国经济：3月降息值得加倍下注吗？_page4_图10本轮美国库存尚未出现明显回落.jpg	根据折线图，美国实际库存从2003年到2023年的总体趋势是什么？	持续下降	波动上升	先升后降	保持不变	B
lc	19	data/figure/lc/2024-06-20--光大期货-宏观周报：政府专项债拉动社融同比增长_page7_图表M1和M2剪刀差单位.jpg	根据折线图，M1同比增速在2021年1月达到峰值后，接下来的趋势是什么？	持续上升	迅速下降	波动但总体平稳	先下降后上升	B
lc	20	data/figure/lc/2024-07-14--建银国际证券-2024年6月：经济企稳下市场聚焦三中全会，预计联储9月前按兵不动_page1_图2主要经济体的增长改善.jpg	从2022年1月到2022年10月，美国制造业的PMI指数整体趋势如何？	持续上升	先上升后下降	持续下降	波动不大	C
lc	21	data/figure/lc/2024-02-01--中诚信国际-2023年宏观经济及大类资产配置分析与2024年展望：2024年中国经济：稳与进、破与立中寻求再平衡_page4_图9房地产投资降幅走扩.jpg	在2022年3月至2023年9月期间，房地产开发投资累计同比的变化趋势是？	持续上升	先上升后下降	持续下降	波动不大	C
lc	22	data/figure/lc/2023-12-19--国信证券-货币政策与流动性观察：均衡投放，提升效能_page13_图30央行逆回购余额跟踪.jpg	根据折线图，2022年4月至2022年8月期间，OMO利率（7天）的变化趋势是什么？	持续上升	持续下降	保持不变	波动较大	C
lc	23	data/figure/lc/2023-12-22--华宝证券-（上篇）2024年中国宏观经济展望：顺风稳行，迎接投资新范式_page5_图72008年以来居民企业杠杆率快速上升的趋势在疫情后发生明显变化.jpg	从2015年开始，居民部门杠杆率的增长速度与政府部门杠杆率相比如何？	更快	更慢	相同	不确定	A
lc	24	data/figure/lc/2024-04-21--开源证券-宏观周报：大宗品价格整体延续回升_page7_图19最近两周沥青平均价格延续回升.jpg	从2022年10月至2024年4月，沥青期货结算价的总体趋势是？	持续上升	波动下降	先降后升	平稳不变	B
lc	25	data/figure/lc/2024-07-05--建信期货-宏观市场半年报：央行宽松、实体补库与春季躁动_page8_图7美国部门债务杠杆率.jpg	从2000年到2024年，政府债务杠杆率总体趋势如何？	持续上升	波动但总体下降	先上升后下降	保持稳定	A
lc	26	data/figure/lc/2024-05-30--海通国际-国内高频指标跟踪（2024年第19期）：出口有韧性，内需待提振_page6_图18建筑用钢成交量万吨.jpg	根据折线图，2024年的建筑用钢成交量与2023年相比有何变化趋势？	显著上升	略有下降	基本持平	大幅下降	A
lc	27	data/figure/lc/2024-08-04--华金证券-华金宏观·双循环周报（第69期）：新型城镇化的三大脉络_page6_图6猪肉价格同比猪肉价格同比涨幅小幅回落.jpg	2024年2月至2024年8月期间，猪肉平均批发价的变化趋势是什么？	持续上升	持续下降	先降后升	先升后降	A
lc	28	data/figure/lc/2023-11-26--民生证券-高频数据跟踪周报：工业生产稳步修复_page8_图19本周热轧板卷价格续升元吨.jpg	从2018年至2023年，哪一年的热轧板卷价格整体上最低？	2018年	2019年	2020年	2021年	C
lc	29	data/figure/lc/2023-12-17--中国银河-2024年中国经济展望：《变局·重构》_page13_图19地产周期和康波周期示意图.jpg	根据图示，2024年后康波周期的趋势变化对中国经济的影响可能是？	经济增长放缓	经济增长加速	经济稳定不变	经济出现剧烈波动	A
lc	30	data/figure/lc/2023-12-09--华金证券-华金宏观·双循环周报（第35期）：CPI走弱非农转强，中美央行如何抉择？_page10_图15美国短端国债收益率本周上行较多.jpg	根据折线图，2023年12月8日与2023年12月1日相比，5年期国债收益率的变化趋势是？	显著上升	略有下降	基本持平	大幅下降	C
lc	31	data/figure/lc/2024-08-17--民生证券-流动性跟踪周报：下周同业存单到期7034亿元_page6_图2SHIBOR隔夜及7天周度均值.jpg	从2023年7月至2024年8月，SHIBOR 7天利率的总体变化趋势是什么？	显著上升	小幅波动	持续下降	先升后降	B
lc	32	data/figure/lc/2024-06-14--国联证券-美联储6月议息会议点评：美联储放偏鹰信号：年内或只有一次降息_page7_图表9联邦基金和10年期国债利率.jpg	在2008年金融危机后，联邦基金利率和10年期国债利率的变化趋势如何？	两者均持续下降至接近零点	两者均迅速上升至历史新高	联邦基金利率下降，10年期国债利率上升	联邦基金利率上升，10年期国债利率下降	A
lc	33	data/figure/lc/2024-07-04--上海证券-海外市场跟踪：美国PCE下降，通胀仍显韧性_page3_图5主要海外国家国债收益率.jpg	根据折线图，2023年9月到2024年1月期间，美国国债收益率的变化趋势是什么？	持续上升	先下降后上升	持续下降	波动不大	B
lc	34	data/figure/lc/2024-01-24--东吴证券-宏观点评：30年财税改革启示录：是时候改变了？_page4_央财政支出却并无波澜.jpg	从1989年至2021年，地方财政支出占比的变化趋势如何？	持续上升	先上升后趋于稳定	持续下降	波动较大	B
lc	35	data/figure/lc/2024-07-04--上海证券-海外市场跟踪：美国PCE下降，通胀仍显韧性_page2_图3欧洲市场主要指数走势.jpg	根据折线图，德国DAX指数在2023年1月至2024年5月期间的整体趋势是？	持续上升	波动但总体下降	先下降后上升	平稳无明显变化	A
lc	36	data/figure/lc/2024-02-23--西南证券-宏观周报：国内大幅降息，美国担心过快降息_page7_图3南华工业品指数CRB现货综合指数同比增速回落更新至2024年2月22日.jpg	从2017年2月至2024年2月，南华工业品指数的最大同比增速出现在哪个时间段？	2017年2月至2017年6月	2020年10月至2021年2月	2021年2月至2021年6月	2022年10月至2023年2月	A
lc	37	data/figure/lc/2024-07-10--开源证券-宏观经济点评：消费增长延续以价换量_page4_图62024年5月商品零售总额环比强于季节性.jpg	根据图中数据，2023年9月商品零售环比与季节性相比，哪个指标更高？	商品零售环比	商品零售环比季节性	两者相同	无法确定	A
lc	38	data/figure/lc/2024-06-20--光大期货-宏观周报：政府专项债拉动社融同比增长_page7_图表M1和M2剪刀差单位.jpg	从2020年5月到2023年1月，M2同比增速的变化趋势是怎样的？	持续上升	波动但总体平稳	先上升后下降	持续下降	B
lc	39	data/figure/lc/2023-11-26--东海证券-宏观周报：地产销售恢复偏缓，风险化解力度加大_page3_图1商品住宅累计待售面积及增速万平方米.jpg	2020年到2021年，商品住宅待售面积累计同比增速的变化趋势是？	持续上升	先上升后下降	持续下降	先下降后上升	D
lc	40	data/figure/lc/2024-06-20--浙商期货-【宏观周报】：美联储如期保持利率不变，监管影响国内社融数据_page9_no_caption.jpg	2024年上半年，美元兑日元汇率的最高点出现在哪个月份？	1月	3月	5月	6月	C
lc	41	data/figure/lc/2024-07-11--万联证券-6月通胀数据点评：CPI延续低位，需求有待修复_page5_图表11CRB指数同比回落PPI小幅回升.jpg	2024年2月至2024年6月，CRB现货指数和PPI的变化趋势是否一致？	两者都持续上升	两者都持续下降	CRB现货指数上升，PPI下降	CRB现货指数下降，PPI上升	A
lc	42	data/figure/lc/2024-02-21--财信证券-宏观经济研究周报：国内1月PMI回升，美非农数据超预期_page8_图12100大中城市周成交土地占地面积万平方米.jpg	2023年10月的大中城市周成交土地占地面积与2018年10月相比，变化幅度如何？	大幅增加	小幅增加	小幅减少	大幅减少	A
lc	43	data/figure/lc/2024-08-07--财信证券-宏观经济研究周报：国内制造业PMI低位震荡，美国失业率上升_page10_图16义乌小商品总价格指数点.jpg	根据折线图，2021年4月至2022年4月期间，义乌小商品总价格指数点的变化趋势是什么？	持续上升	先上升后下降	持续下降	波动不大	B
lc	44	data/figure/lc/2024-07-30--天风证券-海外与大类周报：美股小盘风格能否延续强势_page5_图14港股风险控制策略尚未发出看多信号.jpg	在2023年12月至2024年3月期间，风险控制策略与恒生指数相比，哪个表现更好？	风险控制策略	恒生指数	两者表现相同	无法确定	A
lc	45	data/figure/lc/2024-02-27--华安证券-大类资产配置月报第32期：2024年3月：政策博弈加剧，关注“两会”与美联储降息时点_page22_原油库存有所反弹.jpg	根据折线图，2023年1月到2023年3月期间，EIA商业原油库存的变化趋势是？	持续上升	先升后降	持续下降	先降后升	B
lc	46	data/figure/lc/2024-06-20--光大期货-宏观周报：政府专项债拉动社融同比增长_page28_no_caption.jpg	根据折线图，2022年6月至2022年12月期间，生猪存栏量的变化趋势是什么？	持续上升	先上升后下降	持续下降	先下降后上升	A
lc	47	data/figure/lc/2023-12-14--东吴证券-宏观点评：美联储12月会议：降息拷问_page2_图5美债收益率当前有所超调.jpg	根据折线图，2008年金融危机期间，10年期国债收益率和有效联邦基金利率的变化趋势如何？	两者均大幅下降	两者均大幅上升	国债收益率下降，基金利率上升	国债收益率上升，基金利率下降	A
lc	48	data/figure/lc/2024-03-18--国贸期货-宏观·周度报告：金融数据再度转弱，美国通胀高于预期_page5_图表3美国CPI同比增速.jpg	从2023年1月到2023年7月，美国核心CPI的变化趋势如何？	持续上升	波动但总体下降	保持稳定	先下降后上升	B
lc	49	data/figure/lc/2024-06-20--浙商期货-【宏观周报】：美联储如期保持利率不变，监管影响国内社融数据_page4_进口金额20240531.jpg	从2022年9月30日到2023年3月31日，数据呈现出何种趋势变化？	持续上升	波动但总体稳定	明显下降后回升	大幅下降	C
lc	50	data/figure/lc/2023-12-19--国泰期货-2024年海外宏观经济展望：先下行风险，后周期机遇，寻均衡利率_page6_图14消费者调查类通胀预期指标仍旧较高.jpg	在2023年9月至2023年底，消费者5-10年通胀预期（R1）的预测值将如何变化？	继续上升	保持稳定	显著下降	先上升后下降	A
lc	51	data/figure/lc/2024-01-04--华福证券-12月全球经济观察：近四次加息-降息周期中主要大类资产表现_page17_图表1910年期美债隐含通胀预期有所上升.jpg	在2022年7月至2023年1月期间，美国10年期国债实际收益率的变化趋势是？	显著上升	显著下降	小幅波动	保持不变	A
lc	52	data/figure/lc/2024-04-14--中国银河-2024年3月金融数据解读：社融结构改变_page6_图14社融和GDP增速.jpg	实际GDP增速+CPI在2008-2009年期间的变化趋势是？	显著上升	显著下降	波动不大	先降后升	B
lc	53	data/figure/lc/2024-02-15--平安证券-宏观动态跟踪报告：上修2024年美国经济增长预测至2%_page6_图表16近期美债利率下行遇阻.jpg	从2023年1月至2024年1月，2年期美债利率的总体趋势如何？	持续上升	持续下降	波动但总体上升	波动但总体下降	C
lc	54	data/figure/lc/2024-02-25--东吴证券-国内宏观经济周报：春节后国内经济“首秀”表现如何？_page6_图4地铁客运量随返工潮回升.jpg	根据折线图，2024年地铁客运量在春节后的回升速度与哪一年最为相似？	2019年	2021年	2022年	2023年	D
lc	55	data/figure/lc/2024-07-02--中信建投期货-2024年海外宏观与外汇半年报：政策分化下，多数市场压力继续_page8_图11主要市场通胀对比.jpg	在2022年之后，哪个国家的CPI下降趋势最为明显？	中国	欧元区	英国	美国	C
lc	56	data/figure/lc/2023-12-01--国金证券-2024年宏观经济形势展望：江春入旧年_page22_图表86日本长期维持低利率政策缓解债务利息负担.jpg	日央行持有国家债务占比在2015年之后的变化趋势如何？	急剧上升	缓慢下降	基本持平	先下降后上升	A
lc	57	data/figure/lc/2024-02-25--华泰期货-宏观大类周报：LPR超预期下调，等待需求端信号确认_page6_图19美元指数丨单位无.jpg	从2021年2月到2022年2月，美元指数经历了什么变化？	平稳波动	显著上升	显著下降	先降后升	B
lc	58	data/figure/lc/2024-08-18--民生证券-有色金属周报：美联储降息临近，金价再创新高_page15_图30Comex黄金与实际利率.jpg	从2010年至2013年，COMEX黄金价格的整体趋势是什么？	持续上涨	持续下跌	先涨后跌	先跌后涨	C
lc	59	data/figure/lc/2024-07-12--民生证券-2024年6月外贸数据点评：三条线索，出口还能强多久？_page2_图4国内出口的以价换量比较明显.jpg	根据折线图，2021年6月的数量指数达到峰值后，接下来的趋势是？	持续上升	迅速下降	波动但总体平稳	缓慢上升	B
lc	60	data/figure/lc/2024-07-08--国泰期货-海外宏观及大类资产周度报告_page24_彭博大宗商品指数与10年期Breakeven1年期通胀swap走势.jpg	从2023年6月到2024年6月，Breakeven 10年通胀预期的总体趋势如何？	显著上升	显著下降	先上升后下降	波动但基本持平	D
lc	61	data/figure/lc/2024-06-20--光大期货-宏观周报：政府专项债拉动社融同比增长_page7_图表M1和M2剪刀差单位.jpg	根据折线图，M1与M2的剪刀差（M1-M2）在2024年5月时处于什么状态？	正值且较高	正值但较低	负值且较低	负值但较高	C
lc	62	data/figure/lc/2024-02-19--中国银河-北交所周报：《行动方案》明确高质量发展目标，十七家公司发布业绩公告_page5_图7北交所与其他板块估值走势倍截至20240209.jpg	科创板在2022年7月至2023年3月期间的总体趋势是什么？	显著上升	波动但总体稳定	持续下降	先升后降	B
lc	63	data/figure/lc/2023-09-11--光大期货-宏观周报：通胀价格企稳_page20_no_caption.jpg	根据折线图，2021年3月至2023年6月期间，生猪存栏量总体趋势如何？	持续上升	波动但总体稳定	持续下降	先升后降	B
lc	64	data/figure/lc/2024-07-04--上海证券-海外市场跟踪：美国PCE下降，通胀仍显韧性_page2_图4亚洲市场主要指数走势.jpg	根据图中数据，东京日经225指数在2023年1月至2024年6月期间的趋势如何？	持续上升	先下降后上升	波动但总体上升	波动但总体下降	C
lc	65	data/figure/lc/2024-07-05--建信期货-宏观市场半年报：央行宽松、实体补库与春季躁动_page22_图34中国官方PMI.jpg	从2016年到2023年，服务业PMI指数的总体趋势如何？	持续上升	波动较大但总体稳定	持续下降	先升后降	B
lc	66	data/figure/lc/2024-05-21--大同证券-4月份经济数据及517地产政策解读：扩内需重在稳地产，政策加码多管齐下_page6_图表9地方专项债发行依然偏慢.jpg	从折线图中可以看出，哪一年的新增地方政府专项债发行进度在前四个月增长最快？	2020	2021	2022	2023	D
lc	67	data/figure/lc/2024-02-29--粤开证券-【粤开宏观】促投资促消费新举措，从存量中挖掘增量_page3_图表1当前工业产能利用率仍处较低水平.jpg	从2013年至2023年，工业产能利用率的总体趋势如何？	持续上升	波动但总体稳定	持续下降	先升后降	B
lc	68	data/figure/lc/2024-07-18--上海证券-2024年6月经济数据点评：消费走弱，经济仍需巩固_page4_图3固定投资完成额增速累计同比.jpg	根据折线图，第二产业在2022年2月达到峰值后，接下来的趋势是？	持续上升	逐渐下降	波动上升	保持平稳	B
lc	69	data/figure/lc/2024-01-14--华金证券-华金宏观·双循环周报（第40期）：美CPI超预期走强，美联储会推迟降息吗？_page4_图3R007与我国政策利率体系.jpg	从2017年到2024年，5Y LPR总体趋势是？	持续上升	先升后降	持续下降	波动不大	C
lc	70	data/figure/lc/2024-07-03--华泰期货-宏观大类日报：关注美国大选最新动态_page2_图1粗钢日均产量丨单位万吨每天.jpg	根据折线图，2019年8月至2020年8月期间，粗钢日均产量的变化趋势是什么？	持续上升	先下降后上升	持续下降	波动不大	B
lc	71	data/figure/lc/2024-08-18--民生证券-有色金属周报：美联储降息临近，金价再创新高_page22_图52长江现货市场金属钴价格.jpg	根据折线图，金属钴价格在2023年2月16日至2024年2月16日之间的趋势是什么？	持续上升	波动但总体下降	保持稳定	大幅下降后回升	B
lc	72	data/figure/lc/2023-12-19--国信证券-货币政策与流动性观察：均衡投放，提升效能_page14_图34上交所回购成交量.jpg	从2022年3月至2023年11月，GC001占比总体趋势如何？	持续上升	波动但总体稳定	持续下降	先升后降	B
lc	73	data/figure/lc/2024-02-25--华泰期货-宏观大类周报：LPR超预期下调，等待需求端信号确认_page6_图20人民币丨单位无.jpg	2022年9月至2023年9月期间，美元兑人民币中间价的变化特征是什么？	持续上升	持续下降	波动较大	基本稳定	C
lc	74	data/figure/lc/2024-07-03--联储证券-2024年中宏观展望：固本培元，如日之升_page8_图1215月固定资产投资主要由制造业拉动.jpg	在2023年5月至2024年5月期间，制造业投资累计同比的变化趋势如何？	持续上升	先下降后上升	波动不大	持续下降	A
lc	75	data/figure/lc/2023-12-17--中国银河-2024年中国经济展望：《变局·重构》_page36_图61全球主要国家出口贸易增速.jpg	根据折线图，2020年哪个国家的出口贸易增速下降幅度最大？	日本	韩国	中国	印度	D
lc	76	data/figure/lc/2024-07-12--东兴证券-美国6月CPI数据点评：通胀粘性减弱明显，趋势与季节性并存_page2_图2食品同比.jpg	在2023年7月至2024年6月期间，家庭食品价格的变化趋势是？	持续下降	先降后升	波动上升	保持不变	A
lc	77	data/figure/lc/2024-07-07--开源证券-宏观周报：新建房成交同比转正_page10_图28土地成交面积6月均值同比下降43.jpg	2024年2月到2024年3月，当月同比数据出现了什么变化？	急剧上升	平稳过渡	小幅下降	大幅下降	A
lc	78	data/figure/lc/2024-08-05--艾德证券期货-美股策略：大选、降息，谁将主导市场？_page12_在平均投注上看特朗普领先哈里斯.jpg	在7月21日至7月28日期间，奥巴马、肯尼迪和惠特默的支持率有何共同特征？	均显著上升	均显著下降	保持稳定	波动较大	C
lc	79	data/figure/lc/2024-03-20--交银国际证券-中国宏观：设备更新与循环经济带来的投资机会_page7_图表5中国科研费用占GDP比重仍有提升空间.jpg	从1996年到2020年，哪个国家的科研费用占GDP比重增长最为平稳？	中国	美国	欧盟	日本	C
lc	80	data/figure/lc/2024-04-25--华泰期货-流动性专题跟踪_page39_5Y国债期货投机净多头持仓张与对应利率.jpg	从2022年1月至2024年2月，5Y国债收益率与5Y国债期货投机净多头之间的关系是？	正相关	负相关	无明显相关性	先正相关后负相关	B
lc	81	data/figure/lc/2024-03-25--中邮证券-宏观研究：瑞士央行开闸，非美货币汇率仍有超调风险_page8_图表9瑞士欧元区政策利率.jpg	根据折线图，欧元区政策利率在2011年7月达到峰值后，接下来的几个月内发生了什么变化？	持续上升	迅速下降	保持不变	小幅波动	B
lc	82	data/figure/lc/2024-07-30--天风证券-海外与大类周报：美股小盘风格能否延续强势_page5_图14港股风险控制策略尚未发出看多信号.jpg	根据图中数据，恒生指数在2023年3月至2023年9月期间的趋势是什么？	持续上升	波动下降	平稳波动	大幅下降	B
lc	83	data/figure/lc/2023-11-26--民生证券-高频数据跟踪周报：工业生产稳步修复_page8_图22本周无氧铜杆价格微升元吨.jpg	在2018年至2023年间，无氧铜杆价格的总体趋势是？	逐年上升	逐年下降	波动但总体平稳	先升后降	C
lc	84	data/figure/lc/2024-03-06--天风证券-宏观报告：年初经济怎么看_page6_no_caption.jpg	从2020年到2024年，哪一年的数据整体趋势最为平稳？	2020年	2021年	2022年	2023年	D
lc	85	data/figure/lc/2024-07-07--开源证券-宏观周报：新建房成交同比转正_page6_图12最近两周铜铝价格先降后升.jpg	从2023年7月至2024年7月，哪种金属的价格波动更大？	铜	铝	两者波动相同	无法确定	B
lc	86	data/figure/lc/2024-09-29--东海证券-国内观察：2024年8月工业企业利润数据-关注四季度利润增速回升的可能性_page2_图6上中下游当月利润占比6个月移动平均.jpg	根据折线图，2008年金融危机期间，上游利润占比的变化趋势是？	显著上升	显著下降	保持稳定	先降后升	B
lc	87	data/figure/lc/2024-07-08--国泰期货-海外宏观及大类资产周度报告_page23_金银比与通胀预期.jpg	根据折线图，2023年10月金银比达到峰值后，接下来的几个月里金银比趋势如何？	持续上升	波动下降	保持平稳	急剧下降	B
lc	88	data/figure/lc/2024-02-25--华泰期货-宏观大类周报：LPR超预期下调，等待需求端信号确认_page6_图19美元指数丨单位无.jpg	根据折线图，2020年2月至2021年2月期间，美元指数的变化趋势是什么？	持续上升	持续下降	先升后降	先降后升	B
lc	89	data/figure/lc/2024-07-04--上海证券-海外市场跟踪：美国PCE下降，通胀仍显韧性_page2_图2美国三大股指走势.jpg	标普500指数在2024年7月4日后的走势特征是什么？	明显上升	小幅波动	显著下降	先升后降	B
lc	90	data/figure/lc/2024-07-08--国泰期货-海外宏观及大类资产周度报告_page28_no_caption.jpg	在2024年1月至2024年6月期间，CME E-Mini S&P 500期货非商业净持仓量与S&P 500指数价格之间的关系是？	正相关	负相关	无明显相关性	先正相关后负相关	A
lc	91	data/figure/lc/2024-04-12--东吴证券-宏观点评：黄金：站上2500需要怎样的“宏观叙事”？_page7_图11近期的黄金上涨主动基金可能参与得不多.jpg	在2022年中，基金净头寸占比和COMEX黄金价格出现了什么变化？	两者均大幅上升	两者均大幅下降	基金净头寸占比下降，COMEX黄金价格上升	基金净头寸占比上升，COMEX黄金价格下降	B
lc	92	data/figure/lc/2024-10-09--麦高证券-海外需求观察：2024年第41周_page5_图表8美国制造业PMI及分项.jpg	在2022年至2023年间，美国制造业PMI的就业指数与产出指数相比，哪个指标表现更为稳定？	就业指数	产出指数	两者同样稳定	数据不足以判断	A
lc	93	data/figure/lc/2024-02-27--国金证券-大类资产周报第19期：海外市场新高背后的“分化”？_page4_图表4日经225和印度NIFTY在2月23日创历史新高.jpg	根据折线图，日经225指数在1989年达到历史高点后，接下来几年的趋势如何？	持续上升	大幅下跌	小幅波动	保持稳定	B
lc	94	data/figure/lc/2024-06-03--国联证券-对5月PMI和高频数据的思考及未来经济展望：工业产出或好于PMI读数_page5_图表7大中小企业PMI生产指数季调.jpg	在2022年7月至2022年11月期间，中型企业的PMI生产指数变化趋势是什么？	持续上升	先上升后下降	持续下降	波动不大	B
lc	95	data/figure/lc/2024-02-25--东吴证券-国内宏观经济周报：春节后国内经济“首秀”表现如何？_page8_图9整车货运稳步回升.jpg	从折线图中可以看出，2024年整体趋势与哪一年最为相似？	2020年	2021年	2022年	2023年	D
lc	96	data/figure/lc/2024-07-09--国联证券-美国6月非农就业数据点评：失业率升破美联储6月预期_page21_图表41职位空缺率.jpg	从2015年到2020年初，职位空缺率的整体趋势如何？	稳步上升	大幅下降	波动但总体上升	保持稳定	C
lc	97	data/figure/lc/2024-07-07--开源证券-宏观周报：新建房成交同比转正_page10_图28土地成交面积6月均值同比下降43.jpg	根据折线图，2023年4月到2023年5月的当月同比变化趋势是？	上升	下降	持平	波动不定	B
lc	98	data/figure/lc/2024-07-03--联储证券-2024年中宏观展望：固本培元，如日之升_page15_图31消费者信心指数有待进一步提升.jpg	根据折线图，2020年消费者信心指数和全国城镇调查失业率的变化趋势如何？	消费者信心指数上升，失业率下降	消费者信心指数下降，失业率上升	两者均上升	两者均下降	B
lc	99	data/figure/lc/2024-01-19--北大国民经济研究中心-点评报告：政策支撑叠加基数效应，经济继续复苏_page20_图46社融M2和社融M2leftright.jpg	根据折线图，2023年1月至2023年11月期间，社会融资规模存量同比与M2同比之间的差距变化趋势是？	逐渐缩小	逐渐扩大	先缩小后扩大	先扩大后缩小	A
lc	100	data/figure/lc/2024-01-16--浙商期货-宏观周报：国内12月物价水平仍低迷，货币政策仍需宽松_page7_no_caption.jpg	从2022年3月31日到2022年9月30日，欧元区制造业PMI的变化趋势如何？	显著上升	平稳下降	先升后降	波动较大	B
lc	101	data/figure/lc/2024-08-23--华金证券-华金宏观·双循环周报（第72期）：联储纪要放鸽导致美元闪崩，前瞻还是滞后？_page11_图20发达经济体核心CPI同比.jpg	从2021年1月至2024年7月，哪个经济体的核心CPI总体趋势最为平稳？	美国	日本	英国	瑞士	D
lc	102	data/figure/lc/2024-07-07--开源证券-宏观周报：新建房成交同比转正_page4_图76月前27天电厂煤炭日耗均值整体较5月回升.jpg	在2023年12月达到峰值后，煤炭日耗量在接下来的几个月里发生了什么变化？	迅速下降	缓慢下降	保持稳定	先下降后回升	D
lc	103	data/figure/lc/2024-08-18--民生证券-有色金属周报：美联储降息临近，金价再创新高_page16_图36COMEX白银期货结算价.jpg	从2021年8月16日至2024年8月16日，COMEX白银期货结算价的总体趋势是怎样的？	持续下降	波动上升	平稳无变化	先升后降	B
lc	104	data/figure/lc/2024-07-03--五矿证券-中国制造业，如何从比较优势迈向竞争优势？_page2_图表3主要价格指数.jpg	根据折线图，2008年金融危机期间，中国CPI和PPI的变化趋势如何？	CPI和PPI均大幅下降	CPI上升，PPI下降	CPI下降，PPI上升	CPI和PPI均小幅波动	A
lc	105	data/figure/lc/2024-07-18--天风证券-宏观点评：超5000亿加税对出口竞争力的真实影响_page6_no_caption.jpg	2021年至2023年期间，中国占美国份额的增长速度与全球份额相比如何？	增长速度更快	增长速度更慢	增长速度相同	先快后慢	A
lc	106	data/figure/lc/2024-01-23--国信证券-宏观经济宏观周报：国信高频宏观扩散指数继续下行_page5_图6螺纹钢产量.jpg	2022年8月至2023年1月期间，螺纹钢周度产量的变化特征是什么？	持续上升	持续下降	波动较大	基本稳定	C
lc	107	data/figure/lc/2024-09-06--国信证券-宏观经济专题研究：龙门之上：高考专业热度与产业变迁考察_page12_图20美国计算机产业在85年后经历十年左右调整.jpg	根据折线图，美国计算机和电子产品行业增加值占GDP比重在1985年后经历了十年左右的调整期，这一时期的主要特征是什么？	持续上升	波动下降	平稳不变	急剧下降	B
lc	108	data/figure/lc/2024-08-12--国泰期货-海外宏观及大类资产周度报告_page20_人民币中间价与彭博中间价预期价差.jpg	在2024年5月至7月期间，人民币中间价与彭博中间价预期价差出现了什么变化？	显著上升	显著下降	小幅波动	保持不变	A
lc	109	data/figure/lc/2024-03-21--财信证券-宏观经济研究周报：国内社融数据偏弱，美国CPI略超预期_page8_图7波罗的海干散货指数BDI.jpg	从2018年至2023年，波罗的海干散货指数BDI总体趋势如何？	持续上升	波动上升	波动下降	持续下降	B
lc	110	data/figure/lc/2024-02-19--平安证券-宏观动态跟踪报告：春节数据管窥龙年消费_page2_图表5除夕至正月初八全口径公路客运量较快增长.jpg	根据图表数据，2024年正月初一至初六期间，公路客运量的增长速度如何？	逐渐放缓	保持稳定	快速增长	波动较大	C
lc	111	data/figure/lc/2024-06-21--信达证券-2024年中期宏观展望：产能扩张遇上需求不足_page13_图18国内销售值占产能比重的波动远大于出口交货值.jpg	根据折线图，2018年9月至2019年3月期间，国内销售值占工业总产能的比重变化趋势如何？	持续上升	持续下降	先上升后下降	先下降后上升	D
lc	112	data/figure/lc/2023-11-26--东海证券-宏观周报：地产销售恢复偏缓，风险化解力度加大_page7_图9美元兑离岸人民币汇率.jpg	从2023年5月到8月，美元兑离岸人民币汇率的变化趋势是什么？	稳步上升	大幅下降	波动上升	保持稳定	C
lc	113	data/figure/lc/2024-08-16--华金证券-华金宏观·双循环周报（第71期）：美国消费反弹冲击日元，我国货币政策强价弱量_page10_图17美国原油库存量小幅回升.jpg	根据折线图，美国当周原油产量在2023年8月达到最低点后，接下来的几个月内趋势如何？	持续上升	持续下降	波动上升	波动下降	C
lc	114	data/figure/lc/2024-09-30--国泰期货-海外研究：海外宏观及大类资产周度报告_page16_美德2年期国债收益率利差.jpg	在2024年7月26日到2024年9月26日期间，美德2年期利差与美元指数之间的关系是？	两者均持续上升	两者均持续下降	利差下降，美元指数上升	利差上升，美元指数下降	B
lc	115	data/figure/lc/2024-02-27--国金证券-大类资产周报第19期：海外市场新高背后的“分化”？_page13_图表46当周英镑欧元兑美元.jpg	从2022年2月至2024年2月的整体趋势来看，英镑兑美元汇率的总体变化方向是？	持续上升	持续下降	波动但总体稳定	先降后升	C
lc	116	data/figure/lc/2024-07-04--上海证券-海外市场跟踪：美国PCE下降，通胀仍显韧性_page2_图2美国三大股指走势.jpg	根据折线图，道琼斯指数在2024年7月4日后的趋势是？	持续上升	先下降后上升	持续下降	波动不大	A
lc	117	data/figure/lc/2023-12-28--平安证券-2023年11月工业企业利润数据点评：中下游降价扰动补库存_page2_图表411月工业企业资产增速平稳负债增速回落.jpg	在2023年7月，资产负债率与2022年1月相比有何变化？	显著上升	略有上升	略有下降	显著下降	B
lc	118	data/figure/lc/2024-07-12--东兴证券-美国6月CPI数据点评：通胀粘性减弱明显，趋势与季节性并存_page2_图2食品同比.jpg	从2023年7月至2024年6月，食品总体价格的趋势如何？	持续下降	先降后升	波动上升	保持不变	A
lc	119	data/figure/lc/2024-08-18--民生证券-有色金属周报：美联储降息临近，金价再创新高_page16_图36COMEX白银期货结算价.jpg	在2022年8月16日至2023年8月16日期间，白银期货结算价经历了什么变化？	显著上升	小幅波动	急剧下降	保持稳定	B
lc	120	data/figure/lc/2024-07-09--国联证券-美国6月非农就业数据点评：失业率升破美联储6月预期_page16_图表33非农就业总人数单位百万人.jpg	从2020年10月到2024年7月，非农就业人数的恢复趋势如何？	持续上升	波动上升	平稳不变	先降后升	B
lc	121	data/figure/lc/2024-07-11--中泰证券-6月通胀数据点评：通胀不及预期，后续怎么看？_page3_no_caption.jpg	从2022年5月至2024年5月，28种重点监测蔬菜的平均批发价总体趋势如何？	持续上升	波动较大但总体平稳	持续下降	先升后降	B
lc	122	data/figure/lc/2023-11-26--民生证券-高频数据跟踪周报：工业生产稳步修复_page8_图21本周水泥价格指数微降点.jpg	根据折线图，2022年水泥价格指数的峰值出现在哪个时间段？	1月到3月	4月到6月	7月到9月	10月到12月	D
lc	123	data/figure/lc/2024-07-29--中银证券-2024年度下半年宏观经济与大类资产配置展望：冷眼向洋看世界_page10_图表16基建房地产对投资增速的贡献表现.jpg	从2015年5月到2017年5月，房地产投资增速的总体趋势如何？	持续上升	持续下降	波动但总体平稳	先上升后下降	B
lc	124	data/figure/lc/2023-12-09--民生证券-高频数据跟踪周报：国际原油价格连降七周_page3_图6本周纯碱开工率上升.jpg	2019年至2023年间，哪一年的开工率整体上保持相对稳定？	2019年	2020年	2021年	2022年	A
lc	125	data/figure/lc/2024-05-05--国联证券-美联储5月议息会议点评：鲍威尔放偏鸽信号：加息不太可能_page4_图表4联邦基金利率和国债利率.jpg	根据折线图，2008年金融危机后，联邦基金利率和2年期国债利率的走势如何？	两者均大幅下降	两者均大幅上升	联邦基金利率下降，2年期国债利率上升	联邦基金利率上升，2年期国债利率下降	A
lc	126	data/figure/lc/2024-06-20--浙商期货-【宏观周报】：美联储如期保持利率不变，监管影响国内社融数据_page4_服装鞋帽针纺织品类与汽车类20240430.jpg	从2021年11月30日至2022年7月31日，商品零售额的变化趋势是？	持续上升	波动下降	平稳波动	大幅下降	C
lc	127	data/figure/lc/2024-02-22--中国银河-宏观专题报告：美国库存回升，中国出口转正_page4_图14日本进出口额与贸易差额.jpg	根据折线图，2020年日本出口金额在哪个季度达到最低点？	Mar-20	Jun-20	Sep-20	Dec-20	B
lc	128	data/figure/lc/2024-08-29--国海证券-新起点下的宏观经济新平衡_page10_美国消费数据情况.jpg	从2021年4月至2024年7月，美国零售和食品服务销售额的总体趋势是怎样的？	持续上升	波动但总体平稳	持续下降	先升后降	B
lc	129	data/figure/lc/2023-12-15--华金证券-经济数据点评（2023.11）暨双循环周报·第36期：内需动能待夯实，宽松迎来窗口期_page11_图24本周金价高位震荡.jpg	根据折线图，2023年6月至12月期间，伦敦金现价格总体趋势如何？	持续上涨	持续下跌	先涨后跌	先跌后涨	D
lc	130	data/figure/lc/2024-01-25--财信证券-12月经济数据点评：经济平稳向好，2023年GDP增速完成目标_page0_上证指数沪深300走势图.jpg	在2023年10月至2024年1月期间，上证指数和沪深300指数的走势如何变化？	两者均持续下跌	两者均持续上涨	上证指数下跌，沪深300指数上涨	上证指数上涨，沪深300指数下跌	A
lc	131	data/figure/lc/2024-09-30--国泰期货-海外研究：海外宏观及大类资产周度报告_page11_彭博全球国债集合指数.jpg	根据折线图，2023年10月至2024年1月期间，彭博全球国债集合指数的趋势是什么？	持续上升	先下降后上升	持续下降	波动但总体平稳	B
lc	132	data/figure/lc/2023-12-25--国投安信期货-2024年宏观年度策略：经风历雨，坐看云起_page13_no_caption.jpg	从2021年6月到2022年3月，社会融资规模存量同比和剔除政府债券后的同比变化趋势有何不同？	两者均持续下降	两者均持续上升	前者下降，后者上升	前者上升，后者下降	A
lc	133	data/figure/lc/2024-07-09--国联证券-美国6月非农就业数据点评：失业率升破美联储6月预期_page8_图表1555岁以上人群的劳动参与率.jpg	从2017年到2023年，劳动参与率总体趋势如何变化？	持续上升	波动但总体下降	保持稳定	先下降后上升	B
lc	134	data/figure/lc/2024-04-17--天风证券-宏观：经济数据缘何超预期_page3_图5口径调整的影响有多大单位.jpg	根据折线图，2022年4月至2023年1月期间，房地产投资偏离度的变化趋势如何？	持续下降	先下降后上升	先上升后下降	波动不大	B
lc	135	data/figure/lc/2024-02-01--中泰证券-2024年1月PMI数据解读：经济低位修复_page3_图表1制造业建筑业与服务业的官方PMI走势.jpg	从2021年5月至2023年11月，建筑业PMI总体趋势如何？	持续上升	波动较大但总体平稳	持续下降	先升后降	B
lc	136	data/figure/lc/2024-01-29--国金证券-海外周度观察：美国大选：特朗普归来，这次不一样？_page12_no_caption.jpg	从2022年4月到2023年1月，哪个行业的活跃职位数量增长最为显著？	制造业	餐饮服务	专业服务	所有行业均无显著增长	C
lc	137	data/figure/lc/2023-12-27--华金证券-工业企业利润点评（2023.11）：油价大跌降低成本，推升工业企业利润_page1_图3工业企业利润累计同比三大行业.jpg	根据折线图，制造业利润在2021年5月达到峰值后，随后的趋势是？	持续上升	逐渐下降	波动上升	保持平稳	B
lc	138	data/figure/lc/2024-07-09--国联证券-美国6月非农就业数据点评：失业率升破美联储6月预期_page21_图表41职位空缺率.jpg	根据折线图，2008年金融危机后职位空缺率的变化趋势是什么？	持续下降	先下降后上升	持续上升	波动不大	B
lc	139	data/figure/lc/2024-07-07--民生证券-高频数据跟踪周报：本周地产销售季节性回落_page3_图3独立焦化企业100家产能利用率微升.jpg	对比2022年和2023年的数据，哪一年的产能利用率整体更为稳定？	2022年	2023年	两年都比较稳定	数据不足以判断	B
lc	140	data/figure/lc/2024-05-09--国金证券-2024年4月经济数据前瞻：4月经济前瞻：“量增”强于“价涨”_page17_图表64本周玻璃产量持平上周.jpg	从2021年到2024年，哪一年的玻璃周产量波动最大？	2021年	2022年	2023年	2024年	C
lc	141	data/figure/lc/2024-06-27--中国银行-全球经济金融展望报告2024年第3季度（总第59期）_page49_图22全球MSCI指数走势.jpg	从2024年第三季度开始，全球MSCI指数表现出何种趋势？	持续上涨	明显下跌	波动较大	趋于平稳	A
lc	142	data/figure/lc/2023-12-09--民生证券-高频数据跟踪周报：国际原油价格连降七周_page8_图19本周热轧板卷价格上涨元吨.jpg	从2018年至2023年，热轧板卷价格总体趋势如何？	持续上涨	波动但总体平稳	持续下降	先降后升	B
lc	143	data/figure/lc/2024-04-09--民生证券-国内经济高频周报：4月第1周：旅游数据新高对消费板块的启示_page6_no_caption.jpg	根据折线图，2022年3月螺纹钢同比数据达到峰值后，接下来的趋势是？	持续上升	快速下降	平稳波动	缓慢上升	B
lc	144	data/figure/lc/2024-07-03--联储证券-2024年中宏观展望：固本培元，如日之升_page12_图18房地产投资增速降幅扩大.jpg	2021年之后，房地产开发投资累计同比和住宅累计同比的走势如何变化？	两者均持续上升	两者均持续下降	房地产开发投资累计同比上升，住宅累计同比下降	房地产开发投资累计同比下降，住宅累计同比上升	B
lc	145	data/figure/lc/2024-05-22--国金证券-见微知著系列之七十六：工业品涨价的“复苏”逻辑_page5_图表65月黑色有色金属指数显著抬升.jpg	2024年5月，南华黑色金属指数与南华有色金属指数相比，哪个指数更高？	南华黑色金属指数	南华有色金属指数	两者相同	无法确定	A
lc	146	data/figure/lc/2024-03-29--中邮证券-宏观研究：企业利润改善仍需扩需求_page6_图表412月工业企业产成品库存累计同比小幅回升.jpg	根据折线图，2019年6月至2019年11月期间，工业企业的产成品库存累计同比变化趋势如何？	持续上升	持续下降	先上升后下降	先下降后上升	B
lc	147	data/figure/lc/2023-12-22--华宝证券-（上篇）2024年中国宏观经济展望：顺风稳行，迎接投资新范式_page12_图17预计出口增速呈倒U型.jpg	根据折线图，2023年4月至2023年7月出口金额同比增速的变化趋势是什么？	持续上升	持续下降	先降后升	先升后降	B
lc	148	data/figure/lc/2024-06-21--信达证券-2024年中期宏观展望：产能扩张遇上需求不足_page13_图18国内销售值占产能比重的波动远大于出口交货值.jpg	从2020年3月至2021年3月，出口交货值占工业总产能的比重出现了什么变化？	显著上升	显著下降	基本保持稳定	波动较大	C
lc	149	data/figure/lc/2024-01-04--华福证券-12月全球经济观察：近四次加息-降息周期中主要大类资产表现_page17_图表1910年期美债隐含通胀预期有所上升.jpg	从2021年7月至2023年7月，美国10年期国债收益率总体趋势如何？	持续下降	先上升后下降	持续上升	波动但总体平稳	C
lc	150	data/figure/lc/2024-02-21--财信证券-宏观经济研究周报：国内1月PMI回升，美非农数据超预期_page7_图8CRB商品价格指数点.jpg	根据折线图，2020年10月到2021年10月期间，SCRB商品价格指数点的变化趋势是什么？	持续上升	先下降后上升	持续下降	波动不大	A
lc	151	data/figure/lc/2024-07-29--中银证券-2024年度下半年宏观经济与大类资产配置展望：冷眼向洋看世界_page10_图表16基建房地产对投资增速的贡献表现.jpg	在2016年2月至2016年11月期间，基建投资增速与房地产投资增速相比，哪个更稳定？	基建投资增速更稳定	房地产投资增速更稳定	两者都稳定	两者都不稳定	A
lc	152	data/figure/lc/2024-07-07--开源证券-宏观周报：新建房成交同比转正_page10_图28土地成交面积6月均值同比下降43.jpg	从2023年9月到2023年10月，当月同比数据的变化趋势如何？	显著上升	略有下降	保持不变	大幅下降	A
lc	153	data/figure/lc/2024-09-03--山西证券-海外经济周观察_page4_图624Q2实际个人消费支出环比折年率上升.jpg	从2022年9月到2023年3月，实际个人消费环比折年率呈现出何种趋势？	持续上升	波动上升	波动下降	持续下降	B
lc	154	data/figure/lc/2024-02-18--东吴证券-宏观点评：今年春节“热辣滚烫”了吗？_page10_图27春节期间全国钢铁高炉开工水平高于去年同期.jpg	根据折线图，2023年春节期间全国高炉开工率与2019年相比有何变化？	显著上升	略有下降	基本持平	大幅下降	A
lc	155	data/figure/lc/2024-07-05--建信期货-宏观市场半年报：央行宽松、实体补库与春季躁动_page25_图40人民币汇率与市场干预.jpg	根据折线图，2022年5月至2023年5月期间，美中十债利差的变化趋势是什么？	持续上升	先下降后上升	持续下降	波动不大	A
lc	156	data/figure/lc/2024-03-20--交银国际证券-中国宏观：设备更新与循环经济带来的投资机会_page7_图表5中国科研费用占GDP比重仍有提升空间.jpg	2014年后，哪个国家的科研费用占GDP比重超过了美国？	中国	欧盟	日本	韩国	D
lc	157	data/figure/lc/2024-05-24--国信证券-高技术制造业宏观周报：国信周频高技术制造业扩散指数降幅略有扩大_page4_图5晶圆价格下跌.jpg	根据折线图，晶圆价格在2022年5月到2023年7月期间的趋势是什么？	持续上升	持续下降	波动上升	波动下降	B
lc	158	data/figure/lc/2024-02-22--中国银河-宏观专题报告：美国库存回升，中国出口转正_page1_no_caption.jpg	在2023年1月至2023年4月期间，进口金额同比变化趋势如何？	持续上升	波动较大	持续下降	保持平稳	B
lc	159	data/figure/lc/2024-05-10--开源证券-宏观经济点评：商品以价换量带动出口延续温和回升_page6_图12美国制造业需求企稳回升态势明显但2024年4月PMI有所回踩.jpg	从2022年1月到2022年7月，美国ISM制造业PMI新订单指数的总体趋势如何？	显著上升	显著下降	波动但总体平稳	先下降后上升	B
lc	160	data/figure/lc/2024-03-26--天风证券-海外与大类周报：如何观察美股与美债相关性_page9_图28中国信用利差与期限利差.jpg	在2023年5月至2023年8月期间，中债国债到期收益率和中债国开债到期收益率的变化趋势有何不同？	两者均显著上升	两者均显著下降	国债收益率下降，国开债收益率上升	国债收益率上升，国开债收益率下降	B
lc	161	data/figure/lc/2024-05-24--国信证券-高技术制造业宏观周报：国信周频高技术制造业扩散指数降幅略有扩大_page4_图5晶圆价格下跌.jpg	2024年3月到5月期间，晶圆价格的走势如何？	显著上升	小幅下降	基本持平	大幅波动	A
lc	162	data/figure/lc/2024-02-05--国金证券-大类资产月报第9期：2月展望，行至水穷处？_page6_图表10结构上美国小盘股价值股均相对偏弱.jpg	根据折线图，罗素2000与标普500的比值在2023年4月至9月期间的趋势是什么？	持续上升	持续下降	先上升后下降	波动不大	B
lc	163	data/figure/lc/2024-10-10--麦高证券-宏观研究月报：谋定而后动，经济稳增长可期_page8_图表6固定资产投资完成额累计同比增速.jpg	从2022年4月到2023年2月，制造业固定资产投资完成额累计同比增速的变化趋势如何？	持续上升	先上升后下降	持续下降	波动不大	D
lc	164	data/figure/lc/2024-05-22--天风证券-大类资产风险定价周度观察-24年5月第4周_page3_no_caption.jpg	在2023年11月至2024年3月期间，中证红利交易拥挤度的整体趋势是？	持续上升	先上升后下降	持续下降	波动较大	A
lc	165	data/figure/lc/2024-01-17--粤开证券-【粤开宏观】2023年中国经济复盘及2024年展望_page7_图表7股市表现与通胀水平存在一定的正相关.jpg	从2021年1月至2022年1月，GDP平减指数与万得全A指数之间的关系是什么？	两者同步上升	两者同步下降	GDP平减指数上升，万得全A指数下降	GDP平减指数下降，万得全A指数上升	A
lc	166	data/figure/lc/2024-02-27--华安证券-大类资产配置月报第32期：2024年3月：政策博弈加剧，关注“两会”与美联储降息时点_page28_农产品价格价格春节期间有所反弹.jpg	在2023年12月8日至2024年1月19日期间，生产资料价格指数与食用农产品价格指数相比，哪个更稳定？	生产资料价格指数更稳定	食用农产品价格指数更稳定	两者同样稳定	无法判断	A
lc	167	data/figure/lc/2024-01-14--国联证券-海外宏观周专题：美国经济有哪些可能长大的丑小鸭？_page12_图表15非耐用消费品同比.jpg	在2020年疫情期间，非耐用消费品同比变化趋势如何？	持续上升	先降后升	持续下降	先升后降	B
lc	168	data/figure/lc/2024-02-21--财信证券-宏观经济研究周报：国内1月PMI回升，美非农数据超预期_page8_图10美国通胀国债.jpg	2023年10月时，美国通胀国债的值大约是多少？	1.5	1.762	2	2.5	B
cc	169	data/figure/cc/five_k_688728[格科微].png	从 K 线图中可以看出，12 月 6 日的最高价为多少？	16.02	16.08	16.57	16.40	C
cc	170	data/figure/cc/five_k_688789[宏华粼科].png	从技术指标来看，当前的移动平均线（MA）显示了什么样的市场趋势？	短期 MA 下穿长期 MA，形成死亡交叉，预示下跌趋势	短期 MA 上穿长期 MA，形成黄金交叉，预示上涨趋势	短期 MA 和长期 MA 平行，市场处于盘整状态	短期 MA 和长期 MA 交错，市场趋势不明朗	A
cc	171	data/figure/cc/five_k_688737[中自科技].png	从 K 线图中可以看出，该股票在 12 月 8 日至 12 月 9 日期间出现了哪种技术形态？	头肩顶	双顶	旗形整理	上升趋势线突破	D
cc	172	data/figure/cc/five_k_688798[艾为电子].png	从 K 线图中可以看出，在 12 月 6 日 09:35 的低点 71.50 元之后，股价出现了哪种形态？	头肩底	双底	圆弧底	V 形反转	D
cc	173	data/figure/cc/five_k_6887 8[厦钨新能].png	从 K 线图中可以看出，12 月 6 日 09:35 的最低点是多少？	49.30	50.00	51.00	52.00	A
cc	174	data/figure/cc/five_k_6887 [中控技术].png	从 K 线图上看，该股票在 12 月 6 日出现了什么形态？	锤头线	吞没形态	十字星	早晨之星	A
cc	175	data/figure/cc/five_k_688696[极米科技].png	从 K 线图中可以看出，12 月 7 日左右出现了一根长阴线，这通常意味着什么？	市场情绪高涨	多头力量强劲	空头力量增强	市场即将反转	C
cc	176	data/figure/cc/five_k_6887 6[国光电气.png	从 K 线图中可以看出，12 月 6 日上午 9:35 的最低点为 58.12 元，这一价格与前一日收盘价相比如何？	高于前一日收盘价	低于前一日收盘价	等于前一日收盘价	无法确定	B
cc	177	data/figure/cc/five_k_688699[明微电子].png	从 K 线图中可以看出，12 月 6 日 09:35 的最低点是多少？	36.75	37.60	38.88	37.63	A
cc	178	data/figure/cc/five_k_688693[锴威特].png	从 K 线图中可以看出，该股票在 12 月 6 日 09:35 的最低点是多少？	34.58	35.40	36.60	35.27	A
cc	179	data/figure/cc/five_k_688687[凯因科技].png	从技术指标来看，MACD 指标显示的信号是什么？	金叉，表明市场可能转为上升趋势	死叉，表明市场可能转为下降趋势	零轴附近徘徊，表明市场处于盘整状态	没有明显的 MACD 信号	B
cc	180	data/figure/cc/five_k_688667[菱电电控].png	从 K 线图中可以看出，在 12 月 6 日 09:35 左右，该股票出现了什么形态？	早晨之星	黄昏之星	十字星	锤头线	C
cc	181	data/figure/cc/five_k_688665[四方光电].png	从 K 线图中可以看出，该股票在 12 月 5 日至 12 月 9 日期间，哪一天的成交量最大？	12 月 5 日	12 月 6 日	12 月 7 日	12 月 9 日	D
cc	182	data/figure/cc/five_k_688657[浩辰软件].png	从 K 线图中可以看出，12 月 6 日的开盘价与收盘价相比，哪个更高？	开盘价更高	收盘价更高	两者相同	无法确定	B
cc	183	data/figure/cc/five_k_688639[华恒生物].png	从 K 线图中可以看出，12 月 9 日的收盘价与开盘价相比，价格变化如何？	价格上涨	价格下跌	价格持平	无法确定	B
cc	184	data/figure/cc/five_k_688629[华丰科技].png	从 K 线图中可以看出，该股票在 2024 年 12 月 6 日出现了明显的长下影线。请问这种形态通常预示着什么？	股价将继续下跌	股价将出现反弹	股价将横盘整理	股价将大幅波动	B
cc	185	data/figure/cc/five_k_688653[康希通倚].png	根据 K 线图中的均线系统，以下哪种说法是正确的？	短期均线在长期均线上方，表明市场处于上升趋势	短期均线在长期均线下方，表明市场处于下降趋势	均线系统呈现多头排列，表明市场强势	均线系统呈现空头排列，表明市场弱势	B
cc	186	data/figure/cc/five_k_688633[星球石墨o.png	从 K 线图中可以看出，该股票在 2024 年 12 月 9 日 14:20 的振幅为 0.12%。请问该股票在当天的最低价是多少？	25.70 元	25.67 元	25.53 元	25.73 元	C
cc	187	data/figure/cc/five_k_688620[安凯微].png	从 K 线图中可以看出，在 12 月 6 日 13:05 左右，该股票出现了什么形态？	早晨之星	黄昏之星	十字星	长上影线	D
cc	188	data/figure/cc/five_k_688608[恒玄科技].png	根据 K 线图，该股票在 2024 年 12 月 9 日的收盘价为 263.12 元。请问该股票在 2024 年 12 月 5 日至 12 月 9 日期间的最高价是多少？	267.00 元	265.00 元	263.12 元	262.33 元	A
cc	189	data/figure/cc/five_k_688606[奥泰生物].png	从 K 线图上看，该股票在 2024 年 12 月 9 日收盘时的价格与 12 月 5 日相比，是上涨还是下跌？	上涨	下跌	持平	无法确定	B
cc	190	data/figure/cc/five_k_688602[康鹏科技].png	从 K 线图中可以看出，12 月 6 日 09:35 的最低点是多少？	7.94	8.00	8.10	8.20	A
cc	191	data/figure/cc/five_k_688592[司南导航].png	从 K 线图中可以看出，该股票在 2024 年 12 月 9 日出现了明显的上影线。请问这种形态通常预示着什么？	市场可能即将反转	市场将继续上涨	市场将保持平稳	市场将出现大幅下跌	A
cc	192	data/figure/cc/five_k_688586[江航装备].png	从 K 线图中可以看出，该股票在 2024 年 12 月 9 日出现了明显的下跌趋势。请问在 12 月 9 日 13:05 的成交量与前一日相比如何变化？	明显增加	略有增加	基本持平	明显减少	D
cc	193	data/figure/cc/five_k_688591[泰凌微].png	从 K 线图中可以看出，该股票在 2024 年 12 月 8 日的最高价为多少？	27.55	26.30	26.85	26.80	A
cc	194	data/figure/cc/five_k_688598[金博股份].png	从 K 线图中可以看出，12 月 6 日 09:35 的最低点为 24.85 元，这一价格与前一日收盘价相比变化了多少百分比？	下降了约 5%	下降了约 10%	下降了约 15%	下降了约 20%	A
cc	195	data/figure/cc/five_k_688580[伟思医疗].png	从 K 线图中可以看出，该股票在 2024 年 12 月 6 日出现了明显的下跌趋势。请问这一天的最低价是多少？	29.80 元	29.90 元	29.70 元	29.66 元	D
cc	196	data/figure/cc/five_k_688577[浙海德曼].png	从 K 线图中可以看出，该股票在 2024 年 12 月 9 日的成交量为 91 万手。请问该股票在 2024 年 12 月 9 日的换手率是多少？	0.47%	0.01%	0.18%	0.42%	A
cc	197	data/figure/cc/five_k_688575[亚辉龙].png	从 K 线图中可以看出，12 月 9 日 13:05 的价格与 12 月 5 日 10:35 的价格相比，变化幅度大约为？	上涨 5%	下跌 5%	上涨 10%	下跌 10%	B
cc	198	data/figure/cc/five_k_688571[杭华股份].png	从 K 线图中可以看出，该股票在 2024 年 12 月 9 日形成了一个明显的锤子线形态。请问这种形态通常预示着什么？	趋势反转	继续下跌	横盘整理	加速上涨	A
cc	199	data/figure/cc/five_k_688552[航天南湖].png	从 K 线图中可以看出，该股票在 2024 年 12 月 9 日形成了一个明显的锤子线形态。请问这种形态通常预示着什么？	趋势反转	继续下跌	横盘整理	加速上涨	A
cc	200	data/figure/cc/five_k_688543[国科军工].png	从 K 线图中可以看出，该股票在 2024 年 12 月 9 日出现了明显的下跌趋势。请问在 2024 年 12 月 9 日 13:05 的 K 线形态是什么？	阳线	阴线	十字星	锤头线	B
cc	201	data/figure/cc/five_k_688530[欧莱新材].png	从 K 线图中可以看出，该股票在 2024 年 12 月 6 日出现了明显的长阳线。请问这种形态通常预示着什么？	市场即将反转	市场将继续上涨	市场将进入盘整期	市场将出现大幅下跌	B
cc	202	data/figure/cc/five_k_688551[科威匆.png	从 K 线图中可以看出，该股票在 2024 年 12 月 5 日至 12 月 9 日的交易过程中，哪一天的成交量最大？	12 月 5 日	12 月 6 日	12 月 7 日	12 月 9 日	D
cc	203	data/figure/cc/five_k_688531[日联科技].png	根据 K 线图，该股票在 2024 年 12 月 9 日的收盘价为多少？	55.09 元	55.00 元	56.05 元	53.82 元	A
cc	204	data/figure/cc/five_k_688533[上声电子].png	从 K 线图中可以看出，该股票在 2024 年 12 月 7 日左右形成了哪种形态？	头肩顶	双底	圆弧底	旗形整理	B
cc	205	data/figure/cc/five_k_688522[纳睿雷达].png	从 K 线图中可以看出，该股票在 2024 年 12 月 9 日的成交量为 35 手。请问该股票在 2024 年 12 月 9 日的换手率是多少？	0.00%	0.13%	0.07%	0.10%	B
cc	206	data/figure/cc/five_k_688525[佰维存储].png	从 K 线图中可以看出，该股票在 12 月 6 日出现了明显的长下影线，这通常意味着什么？	市场情绪较为悲观，股价可能继续下跌	市场情绪较为乐观，股价可能反弹	市场处于盘整阶段，方向不明	市场出现重大利空消息，股价将大幅下跌	B
cc	207	data/figure/cc/five_k_688526[科前生物].png	从 K 线图中可以看出，12 月 6 日 09:35 的低点价格是多少？	15.15	15.47	15.66	15.20	A
cc	208	data/figure/cc/five_k_688517[金冠电气.png	从 K 线图中可以看出，该股票在 12 月 5 日至 12 月 9 日期间形成了一个明显的上升趋势。请问这种趋势最有可能是由哪种技术指标的变化引起的？	MACD 指标金叉	RSI 指标进入超买区	布林带开口扩大	均线系统多头排列	D
cc	209	data/figure/cc/five_k_688516[奥特维].png	从 K 线图中可以看出，该股票在 12 月 6 日 09:35 的最低点为多少？	44.94	45.20	45.50	46.00	A
cc	210	data/figure/cc/five_k_688515[裕太微-U].png	从 K 线图中可以看出，该股票在 2024 年 12 月 6 日 09:35 的最低点是多少？	89.11	91.00	92.35	94.50	A
cc	211	data/figure/cc/five_k_688512[慧智微-U].png	根据 K 线图中的移动平均线（MA），请判断该股票在 12 月 9 日的 5 日均线、10 日均线、20 日均线和 60 日均线分别是多少？	5 日均线 12.091 元，10 日均线 12.051 元，20 日均线 12.011 元，60 日均线 12.101 元	5 日均线 12.081 元，10 日均线 12.041 元，20 日均线 12.001 元，60 日均线 12.091 元	5 日均线 12.071 元，10 日均线 12.031 元，20 日均线 12.011 元，60 日均线 12.081 元	5 日均线 12.061 元，10 日均线 12.021 元，20 日均线 12.001 元，60 日均线 12.071 元	A
cc	212	data/figure/cc/five_k_688500[慧辰股份].png	从 K 线图中可以看出，该股票在 12 月 6 日 13:05 达到了最高点 41.66 元。请问这一高点之后的回调幅度大约是多少？	回调幅度超过 10%	回调幅度在 5% 到 10% 之间	回调幅度小于 5%	没有明显回调	B
cc	213	data/figure/cc/five_k_688486[龙迅股份].png	从 K 线图中可以看出，该股票在 2024 年 12 月 5 日至 12 月 9 日期间出现了明显的上升趋势。请问在这段时间内，哪条移动平均线（MA）对股价起到了较强的支撑作用？	MA5	MA10	MA20	MA60	B
cc	214	data/figure/cc/five_k_688479[友车科技].png	从 K 线图中可以看出，MACD 指标在近期出现了死叉信号。请问这通常意味着什么？	买入信号，股价将上涨	卖出信号，股价将下跌	横盘整理，股价波动不大	无明显信号，股价可能继续震荡	B
cc	215	data/figure/cc/five_k_688484[南芯科技].png	从 K 线图中可以看出，该股票在 2024 年 12 月 6 日出现了明显的下跌趋势。请问这一天的最低价是多少？	37.90 元	38.78 元	39.41 元	40.03 元	A
cc	216	data/figure/cc/five_k_688472[阿特斯]1.png	从 K 线图中可以看出，MACD 指标在 2024 年 12 月 9 日显示 DIF 线和 DEA 线形成金叉。请问这通常预示着什么？	买入信号	卖出信号	市场将进入震荡期	市场将进入下跌趋势	A
cc	217	data/figure/cc/five_k_688449[联芸科技].png	从 K 线图中可以看出，MACD 指标在 2024 年 12 月 9 日的 DIF 值为 0.0998，DEA 值为 0.1028。请问此时 MACD 指标的柱状图（红绿柱）是正值还是负值？	正值	负值	零值	无法确定	B
cc	218	data/figure/cc/five_k_688429[时创能源.png	从 K 线图中可以看出，MACD 指标在 2024 年 12 月 9 日显示 DIF 值为 -0.1098，DEA 值为 -0.1219。请问此时 MACD 柱状图是正值还是负值？	正值	负值	零值	无法确定	B
cc	219	data/figure/cc/five_k_688426[康为世纪].png	从 K 线图中可以看出，MACD 指标在 2024 年 12 月 9 日显示 DIF 值为 -0.0040，DEA 值为 0.0032。请问此时 MACD 柱状图是正值还是负值？	正值	负值	零值	无法确定	B
cc	220	data/figure/cc/five_k_688458[美芯晟].png	从 K 线图中可以看到 MACD 指标在近期出现了死叉现象。请问这通常预示着什么？	股价将进入上升趋势	股价将进入下降趋势	股价将出现横盘整理	股价将出现大幅度波动	B
cc	221	data/figure/cc/five_k_688420[美腾科技].png	从 K 线图中可以看出，MACD 指标在 2024 年 12 月 9 日显示 DIF 值为 -0.0074，DEA 值为 -0.0258。请问此时 MACD 指标的信号线（DEA）与快线（DIF）的关系是？	DEA 在 DIF 上方，表明市场处于上升趋势	DEA 在 DIF 下方，表明市场处于下降趋势	DEA 和 DIF 相交，表明市场即将反转	DEA 和 DIF 平行，表明市场处于盘整状态	B
cc	222	data/figure/cc/five_k_688399[硕世生物].png	根据 K 线图，该股票在 2024 年 12 月 9 日的成交量为 132 万手。请问该股票在 2024 年 12 月 5 日至 12 月 9 日期间的最高成交量出现在哪一天？	12 月 5 日	12 月 6 日	12 月 7 日	12 月 9 日	D
cc	223	data/figure/cc/five_k_688400[凌云光].png	从 K 线图中可以看出，MACD 指标在 2024 年 12 月 9 日 13:05 的 DIF 值为 -0.0323，DEA 值为 -0.0845。请问此时 MACD 柱状图是正值还是负值？	正值	负值	零值	无法确定	B
cc	224	data/figure/cc/five_k_688398[赛特新材].png	从 K 线图中可以看出，MACD 指标在 12 月 9 日出现了金叉信号。请问这通常意味着什么？	买入信号，股价可能上涨	卖出信号，股价可能下跌	观望信号，股价可能横盘整理	无明显信号，股价可能波动不定	A
cc	225	data/figure/cc/five_k_688388[嘉元科技].png	从 K 线图中可以看出，MACD 指标在 2024 年 12 月 9 日显示 DIF 值为 -0.0278，DEA 值为 -0.0297。请问此时 MACD 指标的信号线（DEA）与快线（DIF）的关系是？	快线在信号线上方	信号线在快线上方	快线和信号线相交	快线和信号线平行	B
cc	226	data/figure/cc/five_k_688381[帝奥微]1.png	从 K 线图中可以看出，MACD 指标在 2024 年 12 月 9 日时的状态是？	金叉	死叉	零轴上方	零轴下方	D
cc	227	data/figure/cc/five_k_688379[华光新材].png	从 K 线图中可以看出，MACD 指标在 12 月 9 日出现了金叉（DIF 线上穿 DEA 线）。请问这通常预示着什么？	股价将进入下跌趋势	股价将进入上涨趋势	股价将维持震荡走势	无法判断股价走势	B
cc	228	data/figure/cc/five_k_688370[丛麟科技].png	从 K 线图中可以看出，MACD 指标在 2024 年 12 月 9 日显示 DIF 值为 -0.0451，DEA 值为 -0.0449。请问此时 MACD 指标的信号线（DEA）与快线（DIF）的关系是？	快线在信号线上方	信号线在快线上方	快线和信号线相交	快线和信号线平行	B
cc	229	data/figure/cc/five_k_688365[光云科技].png	从 K 线图中可以看出，MACD 指标在 2024 年 12 月 9 日的 DIF 值为 -0.0002，DEA 值为 -0.0071。请问此时 MACD 指标的金叉信号是否已经形成？	是	否	不确定	无法判断	B
cc	230	data/figure/cc/five_k_688368[晶丰明源.png	从 MACD 指标来看，当前的 DIF 和 DEA 值分别为 -0.0437 和 -0.0030，这表明市场处于什么状态？	强烈的买入信号	强烈的卖出信号	市场趋于平稳，没有明显方向	即将出现金叉，预示着价格上涨	C
cc	231	data/figure/cc/five_k_688359[三孚新科].png	从 K 线图中可以看出，MACD 指标在 2024 年 12 月 9 日的 DIF 值为 -0.0314，DEA 值为 -0.1204。请问此时 MACD 指标的金叉信号是否已经形成？	是，金叉信号已经形成	否，金叉信号尚未形成	无法确定	金叉信号已经消失	B
cc	232	data/figure/cc/five_k_688353[华盛锂电].png	从 K 线图中可以看出，MACD 指标在 2024 年 12 月 9 日显示 DIF 值为 -0.2126，DEA 值为 -0.1974。请问此时 MACD 柱状图是正值还是负值？	正值	负值	零值	无法确定	B
cc	233	data/figure/cc/five_k_688352[颀中科技].png	从 K 线图中可以看出，MACD 指标在 12 月 9 日显示 DIF 线和 DEA 线形成金叉。请问这通常预示着什么？	买入信号，股价可能上涨	卖出信号，股价可能下跌	无明显信号，股价可能横盘	不确定，需要结合其他指标判断	A
cc	234	data/figure/cc/five_k_688338[赛科希德].png	从 K 线图中可以看出，MACD 指标在 2024 年 12 月 9 日显示 DIF 值为 -0.0196，DEA 值为 -0.0329。请问此时 MACD 柱状图是正值还是负值？	正值	负值	零值	无法确定	B
cc	235	data/figure/cc/five_k_688351[微电生理.png	从 K 线图中可以看出，MACD 指标在 2024 年 12 月 9 日显示 DIF 值为 -0.0386，DEA 值为 -0.0487。请问此时 MACD 指标是处于金叉还是死叉状态？	金叉	死叉	无法判断	平叉	B
cc	236	data/figure/cc/five_k_688330[宏力达1.png	从 K 线图中可以看出，MACD 指标在 2024 年 12 月 9 日显示 DIF 值为 -0.0215，DEA 值为 -0.0375。请问此时 MACD 指标是处于金叉还是死叉状态？	金叉	死叉	零轴附近	无法判断	B
cc	237	data/figure/cc/five_k_688329[艾隆科技].png	从 K 线图中可以看出，MACD 指标在 12 月 9 日的 DIF 值为 0.0083，DEA 值为 -0.0116。请问此时 MACD 指标的金叉信号是否已经形成？	是	否	不确定	无法判断	B
cc	238	data/figure/cc/five_k_688331[荣昌生物].png	从 K 线图中可以看出，MACD 指标中的 DIF 和 DEA 均为负值，且 DIF 下穿 DEA 形成死叉。请问这通常预示着什么趋势？	上涨趋势	下跌趋势	横盘整理	无法判断	B
cc	239	data/figure/cc/five_k_688326[经纬恒润-.png	从 MACD 指标来看，12 月 9 日收盘时 DIF 和 DEA 的关系是？	DIF 高于 DEA	DIF 低于 DEA	DIF 等于 DEA	无法确定	A
cc	240	data/figure/cc/five_k_688315[诺禾致源.png	从 K 线图中可以看出，该股票在 12 月 6 日出现了明显的长下影线。请问这种形态通常预示着什么？	股价将继续下跌	股价将出现反弹	股价将横盘整理	股价将大幅波动	B
cc	241	data/figure/cc/five_k_688317[之江生物].png	从 K 线图中可以看出，该股票在 12 月 9 日形成了一个明显的锤子线形态。请问这种形态通常预示着什么？	上涨趋势的延续	下跌趋势的反转	横盘整理	无明显意义	B
cc	242	data/figure/cc/five_k_688302[海创药业-.png	根据 K 线图，该股票在 2024 年 12 月 9 日的收盘价为 35.72 元。请问该股票在 2024 年 12 月 9 日的最高价是多少？	35.81 元	35.75 元	35.72 元	35.60 元	A
cc	243	data/figure/cc/five_k_688301[奕瑞科技].png	从 KDJ 指标来看，12 月 9 日 13:05 的 J 值为 -4.86，这表明股票处于什么状态？	超买状态	超卖状态	正常状态	无法判断	B
cc	244	data/figure/cc/five_k_688305[科德数控].png	根据 KDJ 指标，该股票在 2024 年 12 月 9 日的 K 值为 79.06，D 值为 69.24，J 值为 98.71。请问该股票在 2024 年 12 月 9 日的 J 值是否处于超买状态？	是	否	不确定	无法判断	A
cc	245	data/figure/cc/five_k_688298[东方生物].png	从 KDJ 指标来看，K 值、D 值和 J 值分别为 89.38、83.99 和 100.17。请问这表明当前市场处于什么状态？	超买状态	超卖状态	平衡状态	不确定状态	A
cc	246	data/figure/cc/five_k_688295[中复神鹰].png	从 K 线图中可以看出，该股票在 2024 年 12 月 9 日出现了明显的上影线。请问这通常意味着什么？	市场买盘力量较强，股价可能继续上涨	市场卖盘力量较强，股价可能下跌	市场处于震荡状态，方向不明	市场即将出现反转，股价将大幅波动	B
cc	247	data/figure/cc/five_k_688291[金橙子]18.png	从 KDJ 指标来看，该股票在 2024 年 12 月 9 日 15:00 的 J 值为 88.04，这表明？	超买状态，可能回调	超卖状态，可能反弹	正常状态，继续观察	无明显信号	A
cc	248	data/figure/cc/five_k_688289[圣湘生物].png	从 K 线图中可以看出，该股票在 2024 年 12 月 9 日形成了一个明显的锤子线形态。请问这种形态通常预示着什么？	趋势反转	继续下跌	横盘整理	加速上涨	A
cc	249	data/figure/cc/five_k_688281[华秦科技].png	根据 KDJ 指标，该股票在 2024 年 12 月 9 日的 K 值、D 值和 J 值分别为 39.50、51.29 和 15.91。请问这三个值分别代表什么？	K 值代表随机指标，D 值代表移动平均值，J 值代表超买超卖指标	K 值代表超买超卖指标，D 值代表随机指标，J 值代表移动平均值	K 值代表移动平均值，D 值代表超买超卖指标，J 值代表随机指标	K 值代表随机指标，D 值代表超买超卖指标，J 值代表移动平均值	A
cc	250	data/figure/cc/five_k_688271[联影医疗].png	根据 K 线图中的移动平均线（MA），请判断该股票在 2024 年 12 月 9 日收盘时，短期均线（如 MA5）与长期均线（如 MA20）的关系是？	短期均线在长期均线上方，呈上升趋势	短期均线在长期均线下方，呈下降趋势	短期均线与长期均线交叉，无明显趋势	短期均线与长期均线平行，呈横盘状态	A
cc	251	data/figure/cc/five_k_688268[华特气体].png	根据 K 线图，该股票在 12 月 9 日的最高价为多少？	51.40	52.44	51.34	51.69	B
cc	252	data/figure/cc/five_k_688262[国芯科技].png	根据 KDJ 指标，该股票在 2024 年 12 月 9 日的 K 值为 29.88，D 值为 43.19，J 值为 3.28。请问这组数据表明该股票目前处于什么状态？	超买状态	超卖状态	震荡状态	强势上涨状态	B
cc	253	data/figure/cc/five_k_688261[东微半导].png	根据 MA（移动平均线）指标，12 月 9 日 15:00 时，MA5、MA10、MA20、MA60、MA120 和 MA250 的值分别为 47.311、47.281、47.211、47.651、47.591 和 47.741。请问哪条均线对当前股价支撑最强？	MA5	MA10	MA20	MA60	D
cc	254	data/figure/cc/five_k_688256[寒武纪-U].png	观察 KDJ 指标，K 值在 12 月 9 日为 51.71，D 值为 67.07，J 值为 21.01。请问根据 KDJ 指标，该股票当前处于什么状态？	超买状态	超卖状态	买入信号	卖出信号	B
cc	255	data/figure/cc/five_k_688257[新锐股份].png	根据 K 线图，该股票在 12 月 9 日的收盘价为多少？	17.34 元	17.62 元	18.28 元	17.59 元	A
cc	256	data/figure/cc/five_k_688267[中触媒].png	从 K 线图中可以看出，该股票在 2024 年 12 月 9 日形成了一个明显的上影线。请问这种形态通常预示着什么？	市场可能即将反转	市场将继续上涨	市场将保持平稳	市场将大幅下跌	A
cc	257	data/figure/cc/five_k_688244[永信至诚].png	从 K 线图中可以看出，该股票在 2024 年 12 月 5 日至 12 月 9 日期间出现了明显的波动。请问在这段时间内，该股票的 KDJ 指标中的 J 值在 12 月 9 日达到了多少？	75.29	81.77	94.71	99.00	C
cc	258	data/figure/cc/five_k_688231[X0隆达股.png	从 K 线图中可以看出，该股票在 2024 年 12 月 5 日至 12 月 9 日期间的最高价出现在哪一天？	12 月 5 日	12 月 6 日	12 月 7 日	12 月 8 日	B
cc	259	data/figure/cc/five_k_688227[品高股份].png	从 KDJ 指标来看，该股票在 2024 年 12 月 9 日 15:00 的 K 值为 72.35，D 值为 78.91，J 值为 59.23。这表明该股票处于哪种状态？	超买状态	超卖状态	正常状态	无法判断	A
cc	260	data/figure/cc/five_k_688229[博睿数据].png	根据 KDJ 指标，K 值为 85.49，D 值为 74.77，J 值为 106.94。请问根据这些指标，该股票目前处于什么状态？	超买状态	超卖状态	正常状态	无法判断	A
cc	261	data/figure/cc/five_k_688238[和元生物].png	从 K 线图中可以看出，该股票在 2024 年 12 月 9 日出现了明显的阴线。请问这根阴线相对于前一根阳线的开盘价是高开还是低开？	高开	低开	平开	无法确定	B
cc	262	data/figure/cc/five_k_688219[会通股份].png	根据 KDJ 指标，该股票在 2024 年 12 月 9 日的 K 值为 85.88，D 值为 77.51，J 值为 102.61。请问此时该股票处于什么状态？	超买状态	超卖状态	正常状态	无法判断	A
cc	263	data/figure/cc/five_k_688215[瑞晟智能].png	从 K 线图中可以看出，该股票在 2024 年 12 月 9 日出现了明显的下影线。请问这种形态通常预示着什么？	市场可能即将反转	市场将继续下跌	市场将保持平稳	市场将大幅上涨	A
cc	264	data/figure/cc/five_k_688209[英集酋].png	从 KDJ 指标来看，该股票在 2024 年 12 月 9 日 13:35 的 K 值为 74.89，D 值为 73.07，J 值为 78.52。这表明股票处于哪种状态？	超买状态	超卖状态	正常状态	无法判断	A
cc	265	data/figure/cc/five_k_688203[海正生材].png	从 K 线图中可以看出，该股票在 2024 年 12 月 9 日形成了一个明显的锤子线形态。请问这种形态通常预示着什么？	上涨趋势的延续	下跌趋势的反转	横盘整理	无明显意义	B
cc	266	data/figure/cc/five_k_688208[道通科技].png	根据 KDJ 指标，该股票在 2024 年 12 月 9 日的 K 值为 29.13，D 值为 35.23，J 值为 16.94。请问这组数据表明该股票目前处于什么状态？	超买状态	超卖状态	震荡状态	强势上涨状态	B
cc	267	data/figure/cc/five_k_688207[格灵深瞳凤.png	从 K 线图中可以看出，该股票在 2024 年 12 月 6 日出现了明显的长上影线。请问这种形态通常预示着什么？	多头力量强劲，股价将继续上涨	空头力量较强，股价可能下跌	市场处于盘整状态，方向不明	成交量放大，市场活跃	B
cc	268	data/figure/cc/five_k_688202[美迪西].png	从 K 线图中可以看出，该股票在 2024 年 12 月 5 日至 12 月 9 日期间的总体趋势是？	持续上涨	先涨后跌	先跌后涨	持续下跌	B
cc	269	data/figure/cc/five_k_688200[华峰测控].png	从 BOLL 指标来看，该股票在 12 月 8 日收盘时的价格接近哪个区间？	上轨	中轨	下轨	无法确定	B
cc	270	data/figure/cc/five_k_688187[时代电气.png	从 K 线图中可以看出，该股票在 2024 年 12 月 9 日出现了明显的上影线。请问这种形态通常预示着什么？	市场可能即将反转	市场将继续上涨	市场将保持平稳	市场将出现大幅下跌	A
cc	271	data/figure/cc/five_k_688178[万德斯].png	从 BOLL 指标来看，该股票在 2024 年 12 月 9 日收盘时处于什么状态？	超买状态	超卖状态	正常波动范围	无法判断	C
cc	272	data/figure/cc/five_k_688183[生益电子].png	根据 K 线图中的 BOLL 指标，该股票在 2024 年 12 月 9 日的 BOLL 上轨值为 37.63 元。请问该股票在 2024 年 12 月 9 日的 BOLL 下轨值是多少？	37.31 元	36.98 元	37.48 元	36.45 元	B
cc	273	data/figure/cc/five_k_688170[德龙激光].png	从 K 线图中可以看出，该股票在 2024 年 12 月 6 日出现了明显的长下影线。请问这种形态通常预示着什么？	股价将继续下跌	股价将出现反弹	股价将横盘整理	股价将大幅波动	B
cc	274	data/figure/cc/five_k_688173[希荻微].png	从 BOLL 指标来看，该股票在 2024 年 12 月 9 日收盘时的价格接近哪个位置？	上轨	中轨	下轨	无法确定	B
cc	275	data/figure/cc/five_k_688171[纬德信息].png	从 K 线图中可以看出，该股票在 2024 年 12 月 5 日至 12 月 9 日期间出现了明显的波动。请问在这段时间内，该股票的价格走势主要表现为哪种形态？	上升趋势	下降趋势	震荡整理	横盘整理	C
cc	276	data/figure/cc/five_k_688167[炬光科技].png	从 K 线图中可以看出，该股票在 2024 年 12 月 9 日的 BOLL 指标上轨值为 71.22，下轨值为 70.47。请问该股票在 2024 年 12 月 9 日的 BOLL 指标中轨值是多少？	70.84	70.85	70.86	70.87	A
cc	277	data/figure/cc/five_k_688160[步科股份].png	从 BOLL 指标来看，该股票在 2024 年 12 月 9 日的上轨值和下轨值分别是多少？	上轨值 60.56，下轨值 58.96	上轨值 59.76，下轨值 58.96	上轨值 60.56，下轨值 59.76	上轨值 59.76，下轨值 60.56	A
cc	278	data/figure/cc/five_k_688136[科兴制药].png	根据 K 线图中的移动平均线（MA），请问在 2024 年 12 月 9 日收盘时，该股票的 MA5 均线值大约是多少？	17.43 元	17.42 元	17.37 元	17.31 元	A
cc	279	data/figure/cc/five_k_688132[邦彦技术].png	从 K 线图中可以看出，该股票在 2024 年 12 月 9 日形成了一个明显的锤子线形态。请问这种形态通常预示着什么？	趋势反转	继续下跌	横盘整理	加速上涨	A
cc	280	data/figure/cc/five_k_688127[蓝特光学].png	从 K 线图中可以看出，该股票在 2024 年 12 月 9 日的 BOLL 指标上轨值为 23.90 元，下轨值为 23.48 元。请问该股票在 2024 年 12 月 9 日的 BOLL 指标中轨值是多少？	23.69 元	23.64 元	23.75 元	23.50 元	A
cc	281	data/figure/cc/five_k_688139[海尔生物].png	从 K 线图中可以看出，该股票在 2024 年 12 月 9 日的成交量为 526 万股。请问该股票在 2024 年 12 月 9 日的换手率是多少？	0.02%	0.21%	0.18%	0.06%	B
cc	282	data/figure/cc/five_k_688143[长盈通`.png	从 BOLL 指标来看，该股票在 2024 年 12 月 9 日收盘时处于什么状态？	超买状态	超卖状态	正常波动范围	无法判断	C
cc	283	data/figure/cc/five_k_688125[安达智能].png	从 K 线图中可以看出，该股票在 2024 年 12 月 5 日至 12 月 9 日期间出现了明显的 BOLL 指标变化。请问在此期间，BOLL 指标的上轨和下轨之间的距离是逐渐扩大还是缩小？	逐渐扩大	逐渐缩小	先扩大后缩小	先缩小后扩大	B
cc	284	data/figure/cc/five_k_688121[卓然股份].png	从 K 线图中可以看出，该股票在 2024 年 12 月 9 日形成了一个明显的上影线。请问这种形态通常预示着什么？	市场可能即将反转	市场将继续上涨	市场将保持平稳	市场将大幅下跌	A
cc	285	data/figure/cc/five_k_688120[华海清科].png	从 K 线图中可以看出，该股票在 2024 年 12 月 9 日出现了明显的阴线，且收盘价低于开盘价。请问这可能预示着什么趋势？	上涨趋势	下跌趋势	横盘整理	无法判断	B
cc	286	data/figure/cc/five_k_688119[中钢洛耐].png	从 K 线图中可以看出，该股票在 2024 年 12 月 9 日出现了十字星形态。请问这种形态通常预示着什么？	趋势反转	继续上涨	继续下跌	无明显意义	A
cc	287	data/figure/cc/five_k_688118[普元信息].png	从 K 线图中可以看出，该股票在 2024 年 12 月 9 日形成了一个明显的锤子线形态。请问这种形态通常预示着什么？	趋势反转	继续下跌	横盘整理	加速上涨	A
cc	288	data/figure/cc/five_k_688112[鼎阳科技].png	根据 K 线图中的移动平均线（MA），请问在 2024 年 12 月 9 日收盘时，短期均线（如 MA5 和 MA10）与长期均线（如 MA60 和 MA120）的关系是怎样的？	短期均线在长期均线上方，呈上升趋势	短期均线在长期均线下方，呈下降趋势	短期均线与长期均线交叉，形成金叉	短期均线与长期均线交叉，形成死叉	A
cc	289	data/figure/cc/five_k_688109[品茗科技].png	从 K 线图中可以看出，该股票在 2024 年 12 月 9 日形成了一个明显的锤子线形态。请问这种形态通常预示着什么？	趋势反转	继续下跌	横盘整理	加速上涨	A
cc	290	data/figure/cc/five_k_688108[赛诺医疗].png	根据 K 线图，该股票在 2024 年 12 月 9 日的收盘价为多少？	11.21 元	11.25 元	11.30 元	11.15 元	A
cc	291	data/figure/cc/five_k_688106[金宏气体].png	根据 K 线图，该股票在 2024 年 12 月 9 日的收盘价为 18.41 元。请问该股票在 2024 年 12 月 5 日至 12 月 9 日期间的最高价是多少？	18.75 元	18.60 元	18.50 元	18.40 元	A
cc	292	data/figure/cc/five_k_688103[国力股份].png	从 K 线图中可以看出，该股票在 2024 年 12 月 5 日至 12 月 9 日期间出现了明显的上升趋势。请问在这段时间内，哪一天的成交量最大？	2024 年 12 月 5 日	2024 年 12 月 6 日	2024 年 12 月 7 日	2024 年 12 月 9 日	D
cc	293	data/figure/cc/five_k_688098[申联生物].png	从 K 线图中可以看出，该股票在 2024 年 12 月 9 日的成交量为 744 万手。请问该股票在 2024 年 12 月 9 日的换手率是多少？	0.02%	0.17%	0.22%	0.30%	B
cc	294	data/figure/cc/five_k_688092[爰科科技].png	根据 BOLL 指标，该股票在 2024 年 12 月 9 日的 BOLL 值为 23.04。请问当天的上轨值和下轨值分别是多少？	上轨值 23.27，下轨值 22.81	上轨值 23.30，下轨值 22.78	上轨值 23.25，下轨值 22.85	上轨值 23.35，下轨值 22.75	A
cc	295	data/figure/cc/five_k_688088[虹软科技].png	根据 K 线图中的 BOLL 指标，该股票在 2024 年 12 月 9 日的 BOLL 值为 37.02。请问该股票在 2024 年 12 月 5 日至 12 月 9 日期间的 BOLL 上轨值是多少？	37.44	36.60	37.02	38.90	A
cc	296	data/figure/cc/daily_k_689009[九号公司.png	根据 K 线图中的移动平均线（MA），2024年12月9日的短期均线（如 MA5 和 MA10）与长期均线（如 MA60 和 MA120）的关系是？	短期均线在长期均线上方，表明股价处于上升趋势	短期均线在长期均线下方，表明股价处于下降趋势	短期均线与长期均线交叉，表明股价即将反转	短期均线与长期均线平行，表明股价处于盘整状态	A
cc	297	data/figure/cc/daily_k_688800[瑞可达].png	从 K 线图中可以看出，该股票在 2024 年 12 月 9 日形成了一个明显的底部反转形态。请问这个形态最有可能是哪种？	头肩底	双底	圆弧底	V 形底	D
cc	298	data/figure/cc/daily_k_688793[倍轻松].png	在 K 线图中，2024年11月11日的成交量明显放大，且价格突破了前期高点，这可能预示着什么？	价格上涨趋势将继续	价格将开始下跌	市场进入盘整阶段	成交量放大无意义	A
cc	299	data/figure/cc/daily_k_688789[宏华粼科].png	从 K 线图中可以看出，2024 年 12 月 9 日形成了一个明显的底部形态。请问这个底部形态最有可能是哪种形态？	头肩底	双底	圆弧底	V 形底	D
cc	300	data/figure/cc/daily_k_688779[五矿新能].png	根据 K 线图，该股票在 2024 年 12 月 9 日的收盘价为 5.97 元。请问该股票在 2024 年 12 月 9 日的最高价是多少？	6.09 元	5.94 元	6.02 元	5.81 元	A
cc	301	data/figure/cc/daily_k_688717[艾罗能源.png	在 K 线图中，哪一条移动平均线（MA）在2024年10月期间对股价起到了较强的支撑作用？	MA5	MA10	MA20	MA60	C
cc	302	data/figure/cc/daily_k_688720[艾森股份].png	根据 K 线图，2024 年 5 月 31 日至 2024 年 12 月 9 日期间，该股票的最高价出现在哪一天？	2024 年 11 月 11 日	2024 年 12 月 9 日	2024 年 10 月 10 日	2024 年 8 月 8 日	A
cc	303	data/figure/cc/daily_k_688700[东威科技].png	从 K 线图中可以看出，该股票在 2024 年 12 月 9 日的成交量为 3.74 万手。请问该股票在 2024 年 12 月 9 日的换手率是多少？	1.25%	1.50%	1.00%	2.00%	A
cc	304	data/figure/cc/daily_k_6887 8[唯赛勃].png	根据 K 线图中的移动平均线（MA），2024年12月9日的5日均线（MA5）值为11.951元，与10日均线（MA10）值11.751元相比，表明当前市场趋势如何？	强势上升	弱势下降	震荡整理	无法确定	A
cc	305	data/figure/cc/daily_k_688680[海优新材].png	从 K 线图中可以看出，该股票在 2024 年 12 月 9 日的成交量为 1.02 亿股。请问该股票在 2024 年 12 月 9 日的换手率是多少？	1.21%	3.23%	2.12%	1.02%	A
cc	306	data/figure/cc/daily_k_688679[通源环境].png	从 K 线图中可以看出，该股票在 2024 年 12 月 9 日至 12 月 12 日期间出现了明显的上升趋势。请问这一上升趋势是否突破了 5 日移动平均线（MA5）？	是	否	无法确定	数据不足	A
cc	307	data/figure/cc/daily_k_688655[迅捷兴].png	从技术指标来看，该股票在 24-11 至 24-12 期间的均线（MA）趋势如何？	短期均线向上穿越长期均线	短期均线向下穿越长期均线	短期均线与长期均线平行	短期均线与长期均线交叉频繁	A
cc	308	data/figure/cc/daily_k_688652[京仪装备].png	从 K 线图中可以看出，2024年12月9日的成交量为2.44万手，较前一交易日有所增加。请问这可能预示着什么？	市场情绪较为谨慎	市场情绪较为活跃	市场即将进入调整期	市场即将进入上涨期	B
cc	309	data/figure/cc/daily_k_688646[逸飞激光].png	根据 K 线图中的移动平均线（MA），在 24-11 至 24-12 期间，短期均线（如 MA5）与长期均线（如 MA20）的关系是？	短期均线在长期均线上方	短期均线在长期均线下方	短期均线与长期均线交叉	短期均线与长期均线平行	A
cc	310	data/figure/cc/daily_k_688630[芯基l装].png	从 K 线图中可以看出，2024年12月9日的成交量为1.19万手，较前一交易日有所增加。请问这可能预示着什么？	市场情绪较为谨慎	市场情绪较为活跃	市场即将进入调整期	市场即将进入上涨期	B
cc	311	data/figure/cc/daily_k_688621[阳光诺和].png	从 K 线图中可以看出，该股票在 2024 年 10 月 10 日出现了一个长阳线突破了前期的阻力位，请问这个长阳线最有可能预示着什么？	趋势反转	继续下跌	横盘整理	震荡加剧	A
cc	312	data/figure/cc/daily_k_68861 [杭州柯林].png	根据 K 线图中的移动平均线（MA），在 2024 年 12 月 10 日至 12 月 12 日期间，短期 MA（如 MA5 和 MA10）与长期 MA（如 MA20 和 MA60）的关系是？	短期 MA 在长期 MA 之上	短期 MA 在长期 MA 之下	短期 MA 与长期 MA 相交	短期 MA 与长期 MA 平行	A
cc	313	data/figure/cc/daily_k_688628[优利德.png	从 K 线图中可以看出，2024年12月9日出现了长下影线，这通常意味着什么？	市场情绪极度悲观	多空双方激烈争夺，最终多方占优	市场即将反转	市场将进入震荡期	B
cc	314	data/figure/cc/daily_k_688610[埃科光电].png	根据 K 线图中的移动平均线（MA），该股票在 2024 年 12 月 9 日至 12 月 12 日期间，短期均线（如 MA5 和 MA10）与长期均线（如 MA60 和 MA120）的关系如何？	短期均线在长期均线上方，表明上涨趋势	短期均线在长期均线下方，表明下跌趋势	短期均线与长期均线交叉，表明趋势不明朗	短期均线与长期均线平行，表明横盘整理	A
cc	315	data/figure/cc/daily_k_688600[皖仪科技].png	从 K 线图中可以看出，该股票在 2024 年 12 月 9 日的成交量为 9.69 万手。请问该股票在 2024 年 12 月 9 日的换手率是多少？	6.62%	7.19%	5.50%	8.00%	B
cc	316	data/figure/cc/daily_k_688595[芯海科技].png	从 K 线图中可以看出，2024年12月9日的成交量为4.08万手，较前一交易日有所增加。请问这可能预示着什么？	市场情绪较为谨慎	市场情绪较为活跃	市场即将反转	市场将进入调整期	B
cc	317	data/figure/cc/daily_k_688593[新相微].png	从 K 线图中可以看出，在 2024 年 12 月 9 日收盘时，该股票的价格与 5 日移动平均线（MA5）的关系是？	价格高于 MA5	价格低于 MA5	价格等于 MA5	无法确定	A
cc	318	data/figure/cc/daily_k_688596[正帆科技].png	从 K 线图中可以看出，在 2024 年 10 月 24 日至 2024 年 11 月 24 日期间，该股票的价格波动主要受到哪种技术指标的影响？	MACD	RSI	布林带	均线	D
cc	319	data/figure/cc/daily_k_688591[泰凌微].png	根据 K 线图中的移动平均线（MA），在 2024 年 12 月 12 日，短期均线（如 MA5 和 MA10）与长期均线（如 MA60 和 MA120）的关系是？	短期均线在长期均线上方	短期均线在长期均线下方	短期均线与长期均线交叉	短期均线与长期均线平行	A
cc	320	data/figure/cc/daily_k_688588[凌志软件].png	根据 K 线图中的移动平均线（MA），请问 MA5、MA10 和 MA20 在 2024 年 12 月 12 日的位置关系是怎样的？	MA5 > MA10 > MA20	MA5 < MA10 < MA20	MA5 > MA20 > MA10	MA5 < MA20 < MA10	A
cc	321	data/figure/cc/daily_k_688571[杭华股份].png	根据 K 线图中的移动平均线（MA），该股票的 5 日均线、10 日均线和 20 日均线在 2024 年 12 月 12 日的位置关系如何？	5 日均线 > 10 日均线 > 20 日均线	5 日均线 < 10 日均线 < 20 日均线	5 日均线 > 20 日均线 > 10 日均线	5 日均线 < 20 日均线 < 10 日均线	A
cc	322	data/figure/cc/daily_k_688569[铁科轨道].png	根据 K 线图，该股票在 2024 年 12 月 9 日的收盘价为 22.78 元。请问该股票在 2024 年 12 月 9 日的最高价是多少？	23.00 元	22.58 元	22.79 元	22.14 元	A
cc	323	data/figure/cc/daily_k_688558[国盛智科].png	根据 K 线图中的 MACD 指标，该股票在 2024 年 12 月 10 日出现了金叉信号。请问这一信号通常预示着什么？	股价即将下跌	股价即将上涨	股价将维持震荡	无法判断	B
cc	324	data/figure/cc/daily_k_688560[明冠新材].png	根据 K 线图中的移动平均线（MA），在 2024 年 12 月 11 日，5 日均线与 10 日均线的关系是？	5 日均线在 10 日均线上方	5 日均线在 10 日均线下方	5 日均线与 10 日均线交叉	5 日均线与 10 日均线平行	A
cc	325	data/figure/cc/daily_k_688566[吉贝匆].png	根据 K 线图，2024年12月9日的收盘价为24.47元。请问该股票在2024年12月9日的最高价是多少？	25.05元	24.58元	24.32元	24.61元	A
cc	326	data/figure/cc/daily_k_688549[中巨芯-U].png	从 K 线图中可以看出，该股票在 2024 年 12 月 11 日出现了明显的上涨趋势。请问这一天的最高价最接近哪个数值？	11.50 元	12.20 元	12.50 元	13.00 元	B
cc	327	data/figure/cc/daily_k_688526[科前生物].png	从 K 线图中可以看出，该股票在 2024 年 12 月 10 日出现了一根长阳线，这通常意味着什么？	市场情绪看涨	市场情绪看跌	市场将进入盘整期	市场将出现反转	A
cc	328	data/figure/cc/daily_k_688519[南亚新材].png	从 K 线图中可以看出，2024年12月9日的成交量为1.03万手，较前一交易日有所增加。请问这可能预示着什么？	市场情绪较为谨慎	市场情绪较为活跃	市场即将反转	市场将进入调整期	B
cc	329	data/figure/cc/daily_k_688512[慧智微-U].png	从 K 线图中可以看出，该股票在 2024 年 12 月 9 日至 12 月 12 日期间，哪一天的成交量最大？	12 月 9 日	12 月 10 日	12 月 11 日	12 月 12 日	D
cc	330	data/figure/cc/daily_k_688508[芯朋微].png	从 K 线图中可以看出，该股票在 2024 年 12 月 10 日出现了明显的下跌趋势。请问这一天的最低价是多少？	28.68 元	30.00 元	32.00 元	34.00 元	A
cc	331	data/figure/cc/daily_k_688507[索辰科技].png	根据 K 线图中的移动平均线（MA）分析，2024年11月时，短期均线（如 MA5 和 MA10）与长期均线（如 MA60 和 MA120）形成了金叉。请问这种形态通常意味着什么？	买入信号	卖出信号	震荡整理	顶部反转	A
cc	332	data/figure/cc/daily_k_688509[正元地倚].png	根据 K 线图中的移动平均线（MA），在 2024 年 12 月 9 日至 12 月 12 日期间，5 日均线与 20 日均线的关系是？	5 日均线在 20 日均线上方	5 日均线在 20 日均线下方	5 日均线与 20 日均线交叉	5 日均线与 20 日均线平行	A
cc	333	data/figure/cc/daily_k_688502[茂莱光学].png	根据 K 线图中的移动平均线（MA），在 2024 年 12 月 12 日，短期 MA（如 MA5）与长期 MA（如 MA20）的关系是？	短期 MA 在长期 MA 之上	短期 MA 在长期 MA 之下	短期 MA 与长期 MA 相交	无法确定	A
cc	334	data/figure/cc/daily_k_688486[龙迅股份].png	根据 K 线图中的移动平均线（MA），在 2024 年 12 月 10 日前后，短期均线（如 MA5 和 MA10）与长期均线（如 MA20 和 MA60）的关系是？	短期均线在长期均线上方，形成金叉	短期均线在长期均线下方，形成死叉	短期均线与长期均线交叉，但方向不明显	短期均线与长期均线平行，没有交叉	A
cc	335	data/figure/cc/daily_k_688485[九州 -轨].png	从 K 线图中可以看出，该股票在 2024 年 12 月 9 日形成了一个明显的锤子线形态，这通常预示着什么？	上涨趋势的延续	下跌趋势的反转	横盘整理	无明显意义	B
cc	336	data/figure/cc/daily_k_688484[南芯科技].png	从技术指标来看，该股票在 24-11 至 24-12 期间的均线（MA）趋势如何？	短期均线（MA5）下穿长期均线（MA20），形成死叉	短期均线（MA5）上穿长期均线（MA20），形成金叉	短期均线（MA5）与长期均线（MA20）平行运行	短期均线（MA5）与长期均线（MA20）交叉频繁，无明显趋势	B
cc	337	data/figure/cc/daily_k_688432[有研硅].png	从 K 线图中可以看出，MACD 指标在 2024 年 12 月 9 日的 DIF 值为 0.0565，DEA 值为 0.0857。请问此时 MACD 指标的值是多少？	-0.0584	0.0292	0.0322	0.1422	A
cc	338	data/figure/cc/daily_k_688399[硕世生物].png	从 K 线图中可以看出，MACD 指标在 2024 年 12 月 9 日的 DIF 值为 -2.2894，DEA 值为 -2.0780。请问此时 MACD 柱状图是正值还是负值？	正值	负值	零值	无法确定	B
cc	339	data/figure/cc/daily_k_688391[钜泉科技].png	从 K 线图中可以看出，MACD 指标在 2024 年 12 月 9 日出现了金叉（DIF 线上穿 DEA 线）。请问这种情况下，通常预示着什么？	股价将进入下跌趋势	股价将进入上涨趋势	股价将维持震荡走势	无法判断股价走势	B
cc	340	data/figure/cc/daily_k_688386[泛亚微透].png	从 K 线图中可以看出，MACD 指标在 2024 年 12 月 9 日出现了金叉（DIF 上穿 DEA）。请问 DIF 和 DEA 的值分别是多少？	DIF: 0.4023, DEA: 0.5281	DIF: 0.5281, DEA: 0.4023	DIF: -0.2516, DEA: 0.5281	DIF: 0.4023, DEA: -0.2516	A
cc	341	data/figure/cc/daily_k_688373[盟科药业.png	从 K 线图中可以看出，MACD 指标在 2024 年 12 月 9 日的 DIF 值为 0.3873，DEA 值为 0.2986。请问此时 MACD 指标的值是多少？	0.1775	0.0887	0.0987	0.1887	A
cc	342	data/figure/cc/daily_k_688369[致远互联].png	根据 K 线图中的均线系统，MA5、MA10 和 MA20 在 2024 年 12 月 12 日的位置关系是怎样的？	MA5 > MA10 > MA20	MA5 < MA10 < MA20	MA5 = MA10 = MA20	MA5 > MA20 > MA10	A
cc	343	data/figure/cc/daily_k_688366[昊海生科].png	从 K 线图中可以看出，MACD 指标在 2024 年 12 月 9 日的 DIF 值为 -1.0361，DEA 值为 -0.8974。请问此时 MACD 指标的柱状图（MACD）值最接近以下哪个数值？	-0.1387	-0.2775	-0.3000	-0.4000	B
cc	344	data/figure/cc/daily_k_688347[华虹公司].png	从 K 线图中可以看出，MACD指标在2024年12月9日显示DIFF线（白线）和DEA线（黄线）形成了一个死叉。请问这通常预示着什么？	买入信号	卖出信号	横盘整理	无明显趋势	B
cc	345	data/figure/cc/daily_k_688337[普源精电].png	从 MACD 指标来看，2024年12月9日的 DIF 值为1.2807，DEA 值为1.7717，MACD 值为-0.9820，这表明当前市场处于哪种状态？	多头市场	空头市场	震荡市场	无法确定	B
cc	346	data/figure/cc/daily_k_688335[复洁环保].png	从 K 线图中可以看出，MACD 指标在 2024 年 12 月 9 日出现了金叉（DIF 上穿 DEA）。请问这通常预示着什么？	股价将进入下跌趋势	股价将进入上涨趋势	股价将维持震荡走势	无法判断股价走势	B
cc	347	data/figure/cc/daily_k_688332[中科蓝讯].png	从 K 线图中可以看出，MACD 指标在 2024 年 12 月 9 日出现了金叉（DIF 线上穿 DEA 线）。请问 DIF 和 DEA 的值分别是多少？	DIF: 9.6535, DEA: 10.3833	DIF: 10.3833, DEA: 9.6535	DIF: -1.4595, DEA: 10.3833	DIF: 9.6535, DEA: -1.4595	A
cc	348	data/figure/cc/daily_k_688336[三生国健].png	从 K 线图中可以看出，MACD 指标在 2024年12月9日显示 DIF 值为 -0.1671，DEA 值为 -0.0161，这表明当前市场处于哪种状态？	多头市场	空头市场	震荡市场	无法确定	B
cc	349	data/figure/cc/daily_k_688330[宏力达1.png	从 K 线图中可以看出，MACD指标在2024年12月9日的DIF值为0.5208，DEA值为0.5771。请问此时MACD柱状图的颜色是？	红色	绿色	黄色	紫色	B
cc	350	data/figure/cc/daily_k_688323[端华泰]1.png	从 MACD 指标来看，当前 DIF 值为 0.0759，DEA 值为 0.0833，MACD 值为 -0.0149。这表明当前市场处于哪种状态？	多头市场	空头市场	震荡市场	无法确定	B
cc	351	data/figure/cc/daily_k_688315[诺禾致源.png	根据 KDJ 指标，该股票在 2024 年 12 月 9 日的 K 值为 77.82，D 值为 72.19，J 值为 89.08。请问该股票在 2024 年 12 月 9 日的 J 值是否高于 80？	是	否	不确定	无法判断	A
cc	352	data/figure/cc/daily_k_688308[欧科亿].png	根据 KDJ 指标，该股票在 2024 年 12 月 9 日的 K 值为 81.06，D 值为 71.43，J 值为 100.30。请问该股票在 2024 年 12 月 9 日的 J 值是否处于超买状态？	是	否	不确定	无法判断	A
cc	353	data/figure/cc/daily_k_688307[中润光学].png	从 K 线图中可以看出，该股票在 2024 年 12 月 9 日的最高价和最低价分别是多少？	最高价 27.37 元，最低价 26.08 元	最高价 26.81 元，最低价 25.39 元	最高价 26.77 元，最低价 26.08 元	最高价 27.37 元，最低价 26.77 元	A
cc	354	data/figure/cc/daily_k_688302[海创药业-.png	从 K 线图中可以看出，该股票在 2024 年 12 月 9 日的成交量为 1.05 亿股。请问该股票在 2024 年 12 月 9 日的换手率是多少？	1.45%	6.00%	3735 万股	无法确定	A
cc	355	data/figure/cc/daily_k_688298[东方生物].png	观察移动平均线（MA），5日均线、10日均线和20日均线在2024年12月9日的位置关系是怎样的？	5日均线在上，10日均线在中，20日均线在下	5日均线在下，10日均线在中，20日均线在上	5日均线与10日均线交叉，20日均线在下	5日均线与10日均线交叉，20日均线在上	A
cc	356	data/figure/cc/daily_k_688300[联瑞新材].png	从 K 线图中可以看出，该股票在 2024 年 12 月 9 日的成交量为 4.70 万手。请问该股票在 2024 年 12 月 9 日的换手率是多少？	2.53%	4.20%	2.79%	5.23%	A
cc	357	data/figure/cc/daily_k_688296[和达科技].png	从 K 线图中可以看出，该股票在 2024 年 12 月 9 日至 12 月 12 日期间，成交量出现了明显的放大。请问这表明了什么？	市场对该股票的兴趣增加，可能预示着上涨趋势	市场对该股票的兴趣减少，可能预示着下跌趋势	市场对该股票的兴趣没有变化，价格波动是随机的	市场对该股票的兴趣不确定，无法判断趋势	A
cc	358	data/figure/cc/daily_k_688295[中复神鹰].png	根据 KDJ 指标，该股票在 2024 年 12 月 9 日的 K 值为 70.09，D 值为 58.94，J 值为 92.39。请问该股票在 2024 年 12 月 9 日的 J 值是否处于超买状态？	是	否	不确定	无法判断	A
cc	359	data/figure/cc/daily_k_688290[景业智能].png	从 K 线图中可以看出，该股票在 2024 年 12 月 9 日的成交量为 2.32 亿股。请问该股票在 2024 年 12 月 9 日的换手率是多少？	3.82%	5.96%	2.32%	40.56%	A
cc	360	data/figure/cc/daily_k_688292[浩瀚深度].png	从 KDJ 指标来看，2024年12月9日的 K 值为60.98，D 值为47.57，J 值为87.80。根据这些数据，该股票目前处于哪种状态？	超买状态	超卖状态	正常状态	无法确定	A
cc	361	data/figure/cc/daily_k_688285[高铁电气.png	根据 KDJ 指标，该股票在 2024 年 12 月 9 日的 K 值为 79.19，D 值为 74.97，J 值为 87.65。请问该股票在 2024 年 12 月 9 日的 J 值是否处于超买状态？	是	否	不确定	无法判断	A
cc	362	data/figure/cc/daily_k_688280[精进电动-.png	根据 KDJ 指标，该股票在 2024 年 12 月 9 日的 K 值为 85.04，D 值为 75.78，J 值为 103.56。请问该股票在 2024 年 12 月 9 日的 J 值是否处于超买状态？	是	否	不确定	无法判断	A
cc	363	data/figure/cc/daily_k_688275[万润新能].png	根据 K 线图，该股票在 2024 年 12 月 9 日的收盘价为 63.41 元。请问该股票在 2024 年 12 月 9 日的最高价是多少？	63.72 元	61.01 元	59.88 元	61.95 元	A
cc	364	data/figure/cc/daily_k_688262[国芯科技].png	从 K 线图中可以看出，该股票在 2024 年 12 月 9 日的成交量为 17.34 万手。请问该股票在 2024 年 12 月 9 日的换手率是多少？	6.56%	4.61%	5.96%	3.84%	A
cc	365	data/figure/cc/daily_k_688269[凯立新材].png	从 KDJ 指标来看，2024年12月9日的 K 值为71.82，D 值为58.92，J 值为97.63。根据这些数据，该股票当前处于什么状态？	超买状态	超卖状态	正常状态	无法确定	A
cc	366	data/figure/cc/daily_k_688279[峰龆科技].png	从 K 线图中可以看出，该股票在 2024 年 12 月 9 日形成了一个明显的锤子线形态。请问这种形态通常预示着什么？	趋势反转	继续下跌	横盘整理	加速上涨	A
cc	367	data/figure/cc/daily_k_688276[百克生物].png	根据 KDJ 指标，2024年12月9日的 K 值为73.82，D 值为62.07，J 值为97.32，这表明当前市场处于什么状态？	超买状态	超卖状态	正常状态	无法确定	A
cc	368	data/figure/cc/daily_k_688251[井松智能].png	根据 KDJ 指标，该股票在 2024 年 12 月 9 日的 K 值为 79.92，D 值为 86.69，J 值为 100.21。请问该股票在 2024 年 12 月 9 日的 J 值是否处于超买状态？	是	否	不确定	无法判断	A
cc	369	data/figure/cc/daily_k_688255[凯尔达1.png	根据 KDJ 指标，该股票在 2024 年 12 月 9 日的 K 值为 84.27，D 值为 78.32，J 值为 96.17。请问此时该股票处于什么状态？	超买状态	超卖状态	震荡状态	无明显趋势	A
cc	370	data/figure/cc/daily_k_688273[麦澜德.png	从 K 线图中可以看出，该股票在 2024 年 12 月 9 日形成了一个明显的锤子线形态，这通常预示着什么？	股价将继续下跌	股价将出现反转	股价将保持平稳	股价将大幅上涨	B
cc	371	data/figure/cc/daily_k_688248[南网科技].png	根据 KDJ 指标，2024年12月9日时，K 值、D 值和 J 值分别为多少？	K: 62.05, D: 53.12, J: 79.90	K: 53.12, D: 62.05, J: 79.90	K: 79.90, D: 62.05, J: 53.12	K: 62.05, D: 79.90, J: 53.12	A
cc	372	data/figure/cc/daily_k_688247[宣泰医药].png	从 K 线图中可以看出，该股票在 2024 年 12 月 9 日出现了明显的上涨趋势。请问在这一天，该股票的成交量是多少？	4.22 万手	2.97 万手	2.40 万手	4674 万手	A
cc	373	data/figure/cc/daily_k_688238[和元生物].png	从 K 线图中可以看出，该股票在 2024 年 12 月 9 日出现了明显的放量上涨现象。请问这一天的成交量是多少？	24.68 万手	14.9 亿股	5.29 亿元	6.16 亿股	A
cc	374	data/figure/cc/daily_k_688227[品高股份].png	从 K 线图中可以看出，该股票在 2024 年 12 月 9 日的成交量为 4.07 万手。请问该股票在 2024 年 12 月 9 日的换手率是多少？	6.44%	12.34%	4.07%	1.38%	A
cc	375	data/figure/cc/daily_k_688228[开普云]1.png	从 K 线图中可以看出，该股票在 2024 年 12 月 9 日形成了一个明显的阳线，并且突破了多条均线。请问这种形态通常预示着什么？	股价将继续下跌	股价将进入盘整阶段	股价将出现反转	股价将保持横盘整理	C
cc	376	data/figure/cc/daily_k_688220[翱捷科技.png	从 K 线图中可以看出，2024年10月10日出现了一个明显的长上影线，这通常意味着什么？	市场买盘力量强	市场卖盘力量强	市场即将反转	市场将维持当前趋势	B
cc	377	data/figure/cc/daily_k_688215[瑞晟智能].png	从 K 线图中可以看出，该股票在 2024 年 12 月 9 日形成了一个明显的锤子线形态。请问这种形态通常预示着什么？	上涨趋势的延续	下跌趋势的反转	横盘整理	无明显意义	B
cc	378	data/figure/cc/daily_k_688216[气派科技].png	根据 K 线图，该股票在 2024 年 12 月 9 日的收盘价为多少？	25.87 元	26.44 元	24.30 元	24.96 元	A
cc	379	data/figure/cc/daily_k_688219[会通股份].png	从 K 线图中可以看出，该股票在 2024 年 12 月 9 日的成交量为 18.90 万手。请问该股票在 2024 年 12 月 9 日的换手率是多少？	3.12%	4.12%	5.12%	6.12%	B
cc	380	data/figure/cc/daily_k_688208[道通科技].png	从 K 线图中可以看出，该股票在2024年12月9日形成了一个明显的阴线，且成交量有所放大。请问这可能预示着什么？	多头力量增强	空头力量增强	市场情绪稳定	即将突破前期高点	B
cc	381	data/figure/cc/daily_k_688198[佰仁医疗].png	从 K 线图中可以看出，布林带（BOLL）的上轨线（UPPER）和下轨线（LOWER）分别为 124.97 和 114.10。请问 2024 年 12 月 9 日的收盘价是否突破了布林带上轨线？	是	否	无法确定	接近但未突破	B
cc	382	data/figure/cc/daily_k_688186[广大特材].png	根据 K 线图中的 BOLL 指标，该股票在 2024 年 12 月 9 日的 BOLL 上轨值为 20.28 元，下轨值为 13.18 元。请问该股票在 2024 年 12 月 9 日的 BOLL 中轨值是多少？	16.73 元	17.23 元	16.58 元	17.08 元	A
cc	383	data/figure/cc/daily_k_688184[帕瓦股份].png	根据 K 线图中的 BOLL 指标，该股票在 2024 年 12 月 9 日的 BOLL 上轨值为 16.28 元，下轨值为 14.49 元。请问该股票在 2024 年 12 月 9 日的 BOLL 值是多少？	15.39 元	15.17 元	15.28 元	15.33 元	A
cc	384	data/figure/cc/daily_k_688218[江苏北人].png	从 K 线图中可以看出，该股票在 2024 年 12 月 9 日的成交量为 16.80 万手。请问该股票在 2024 年 12 月 9 日的换手率是多少？	14.18%	8.90%	10.00%	12.00%	A
cc	385	data/figure/cc/daily_k_688172[燕东微]1.png	根据 K 线图，该股票在 2024 年 12 月 9 日的收盘价为多少？	23.10	23.46	23.70	22.88	A
cc	386	data/figure/cc/daily_k_688165[埃夫特-U].png	根据 K 线图，该股票在 2024 年 12 月 9 日的收盘价为多少？	33.67 元	29.50 元	35.49 元	29.21 元	A
cc	387	data/figure/cc/daily_k_688153[唯捷创芯].png	从 K 线图中可以看出，该股票在 2024 年 12 月 9 日的成交量为 4.91 亿股。请问该股票在 2024 年 12 月 9 日的换手率是多少？	4.31%	7.15%	3.03%	1.96%	A
cc	388	data/figure/cc/daily_k_688155[先惠技术].png	从 K 线图中可以看出，该股票在 2024 年 12 月 7 日至 12 月 12 日期间形成了一个明显的上升趋势。请问这个上升趋势的主要支撑位最有可能是以下哪个选项？	38.00 元	40.00 元	42.00 元	44.00 元	B
cc	389	data/figure/cc/daily_k_688146[中船特气.png	根据 K 线图中的 BOLL 指标，该股票在 2024 年 12 月 9 日的上轨值为 35.16 元，下轨值为 29.49 元。请问该股票在 2024 年 12 月 9 日的 BOLL 中轨值是多少？	32.33 元	31.81 元	32.25 元	31.41 元	A
cc	390	data/figure/cc/daily_k_688139[海尔生物].png	根据 K 线图中的 BOLL 指标，该股票在 2024 年 12 月 9 日的 BOLL 上轨值为 36.51，下轨值为 31.70。请问该股票在 2024 年 12 月 9 日的 BOLL 中轨值是多少？	34.11	33.18	34.48	33.01	A
cc	391	data/figure/cc/daily_k_688138[清溢光电].png	根据 K 线图，2024 年 12 月 9 日的收盘价为 25.50 元。请问该股票在 2024 年 12 月 9 日的最高价是多少？	25.63 元	25.03 元	24.69 元	24.88 元	A
cc	392	data/figure/cc/daily_k_688128[中国电研].png	根据 K 线图，该股票在 2024 年 12 月 9 日的收盘价为 22.00 元。请问该股票在 2024 年 12 月 9 日的最高价是多少？	22.23 元	22.08 元	21.66 元	21.88 元	A
cc	393	data/figure/cc/daily_k_688127[蓝特光学].png	从 K 线图中可以看出，该股票在 2024 年 10 月 10 日至 2024 年 11 月 11 日期间，股价突破了布林带的上轨。这通常意味着什么？	股价可能继续上涨	股价将回调	股价将横盘整理	股价将下跌	A
cc	394	data/figure/cc/daily_k_688117[圣诺生物].png	从 K 线图中可以看出，该股票在 2024 年 12 月 9 日的成交量为 2.00 万手。请问该股票在 2024 年 12 月 9 日的换手率是多少？	1.78%	2.86%	1.00%	2.00%	A
cc	395	data/figure/cc/daily_k_688116[夭奈科技].png	从 K 线图中可以看出，该股票在 2024 年 12 月 9 日形成了一个明显的阳线，并且突破了多条均线。请问这表明了什么趋势？	短期下跌趋势	短期上涨趋势	长期下跌趋势	长期上涨趋势	B
cc	396	data/figure/cc/daily_k_688102[斯瑞新材].png	从 K 线图中可以看出，该股票在 2024 年 12 月 9 日的成交量为 5.99 万手。请问该股票在 2024 年 12 月 9 日的换手率是多少？	1.43%	2.22%	3.00%	4.00%	A
cc	397	data/figure/cc/daily_k_688111[金山办公.png	从 K 线图中可以看出，该股票在 2024 年 12 月 9 日形成了一个明显的阳线，且成交量放大。请问这可能预示着什么趋势？	继续上涨	回调下跌	横盘整理	无明显趋势	A
cc	398	data/figure/cc/daily_k_688100[威胜信息].png	从 K 线图中可以看出，布林带（BOLL）的上轨线和下轨线在2024年12月9日分别位于40.51元和34.04元。请问当天的收盘价35.83元处于布林带的什么位置？	上轨上方	上轨和中轨之间	中轨和下轨之间	下轨下方	C
cc	399	data/figure/cc/daily_k_688089[嘉必优].png	根据 K 线图，该股票在 2024 年 12 月 9 日的收盘价为 21.30 元。请问该股票在 2024 年 12 月 9 日的最高价是多少？	21.47 元	21.53 元	21.91 元	22.30 元	C
cc	400	data/figure/cc/daily_k_688092[爰科科技].png	根据 K 线图，该股票在 2024 年 12 月 9 日的收盘价为 23.16 元。请问该股票在 2024 年 12 月 9 日的最高价是多少？	23.59 元	23.31 元	22.86 元	23.22 元	A
